ModelName,ModelNumber,Batch,MaxRank,Rank Reaction,Normalized Rank Reaction,Rank Species,Normalized Rank Species,Rank Traceback,Normalized Rank Traceback
EG,19,L1,13,5,0.333333333,10,0.75,1,0
EG,22,L1,13,6,0.416666667,11,0.833333333,1,0
EG,23,L1,12,3,0.181818182,5,0.363636364,1,0
EG,24,L1,12,2,0.090909091,3,0.181818182,1,0
EG,5,L1,13,6,0.416666667,11,0.833333333,1,0
EG,19,L2,13,5,0.333333333,10,0.75,1,0
EG,22,L2,13,6,0.416666667,11,0.833333333,1,0
EG,23,L2,12,3,0.181818182,5,0.363636364,1,0
EG,24,L2,12,2,0.090909091,3,0.181818182,1,0
EG,5,L2,13,6,0.416666667,11,0.833333333,1,0
EG,19,L3,13,5,0.333333333,10,0.75,1,0
EG,22,L3,13,6,0.416666667,11,0.833333333,1,0
EG,23,L3,12,3,0.181818182,5,0.363636364,1,0
EG,24,L3,12,2,0.090909091,3,0.181818182,1,0
EG,5,L3,13,6,0.416666667,11,0.833333333,1,0
EG,19,L4,13,5,0.333333333,10,0.75,1,0
EG,22,L4,13,6,0.416666667,11,0.833333333,1,0
EG,23,L4,12,3,0.181818182,5,0.363636364,1,0
EG,24,L4,12,2,0.090909091,3,0.181818182,1,0
EG,5,L4,13,6,0.416666667,11,0.833333333,1,0
EG,19,L5,13,5,0.333333333,10,0.75,1,0
EG,22,L5,13,6,0.416666667,11,0.833333333,1,0
EG,23,L5,12,3,0.181818182,5,0.363636364,1,0
EG,24,L5,12,2,0.090909091,3,0.181818182,1,0
EG,5,L5,13,6,0.416666667,11,0.833333333,1,0
EG,19,L1-Invariant,13,5,0.333333333,10,0.75,1,0
EG,22,L1-Invariant,13,6,0.416666667,11,0.833333333,1,0
EG,23,L1-Invariant,12,3,0.181818182,5,0.363636364,1,0
EG,24,L1-Invariant,12,2,0.090909091,3,0.181818182,1,0
EG,5,L1-Invariant,13,6,0.416666667,11,0.833333333,1,0
EG,19,L2-Invariant,13,5,0.333333333,10,0.75,1,0
EG,22,L2-Invariant,13,6,0.416666667,11,0.833333333,1,0
EG,23,L2-Invariant,12,3,0.181818182,5,0.363636364,1,0
EG,24,L2-Invariant,12,2,0.090909091,3,0.181818182,1,0
EG,5,L2-Invariant,13,6,0.416666667,11,0.833333333,1,0
EG,19,L3-Invariant,13,5,0.333333333,10,0.75,1,0
EG,22,L3-Invariant,13,6,0.416666667,11,0.833333333,1,0
EG,23,L3-Invariant,12,3,0.181818182,5,0.363636364,1,0
EG,24,L3-Invariant,12,2,0.090909091,3,0.181818182,1,0
EG,5,L3-Invariant,13,6,0.416666667,11,0.833333333,1,0
EG,19,L4-Invariant,13,5,0.333333333,10,0.75,1,0
EG,22,L4-Invariant,13,6,0.416666667,11,0.833333333,1,0
EG,23,L4-Invariant,12,3,0.181818182,5,0.363636364,1,0
EG,24,L4-Invariant,12,2,0.090909091,3,0.181818182,1,0
EG,5,L4-Invariant,13,6,0.416666667,11,0.833333333,1,0
EG,19,L5-Invariant,13,5,0.333333333,10,0.75,1,0
EG,22,L5-Invariant,13,6,0.416666667,11,0.833333333,1,0
EG,23,L5-Invariant,12,3,0.181818182,5,0.363636364,1,0
EG,24,L5-Invariant,12,2,0.090909091,3,0.181818182,1,0
EG,5,L5-Invariant,13,6,0.416666667,11,0.833333333,1,0
H1,1,L1-Functional,12,12,1,12,1,2,0.090909091
H1,10,L1-Functional,12,12,1,12,1,5,0.363636364
H1,12,L1-Functional,12,1,0,12,1,7,0.545454545
H1,13,L1-Functional,12,12,1,12,1,7,0.545454545
H1,14,L1-Functional,11,11,1,11,1,11,1
H1,15,L1-Functional,12,12,1,12,1,3,0.181818182
H1,16,L1-Functional,12,12,1,12,1,8,0.636363636
H1,17,L1-Functional,12,12,1,12,1,10,0.818181818
H1,19,L1-Functional,12,12,1,12,1,5,0.363636364
H1,2,L1-Functional,12,11,0.909090909,12,1,7,0.545454545
H1,20,L1-Functional,12,12,1,12,1,7,0.545454545
H1,25,L1-Functional,11,8,0.7,10,0.9,2,0.1
H1,4,L1-Functional,12,12,1,12,1,3,0.181818182
H1,6,L1-Functional,11,11,1,11,1,5,0.4
H1,8,L1-Functional,12,12,1,12,1,10,0.818181818
H1,9,L1-Functional,12,11,0.909090909,12,1,12,1
H1,1,L1-Functional+Metamorphic,12,12,1,12,1,6,0.454545455
H1,10,L1-Functional+Metamorphic,12,12,1,12,1,7,0.545454545
H1,12,L1-Functional+Metamorphic,12,1,0,12,1,7,0.545454545
H1,13,L1-Functional+Metamorphic,12,11,0.909090909,12,1,6,0.454545455
H1,14,L1-Functional+Metamorphic,11,11,1,11,1,11,1
H1,15,L1-Functional+Metamorphic,12,12,1,12,1,3,0.181818182
H1,16,L1-Functional+Metamorphic,12,12,1,12,1,9,0.727272727
H1,17,L1-Functional+Metamorphic,12,12,1,12,1,10,0.818181818
H1,19,L1-Functional+Metamorphic,12,12,1,12,1,6,0.454545455
H1,2,L1-Functional+Metamorphic,12,11,0.909090909,12,1,7,0.545454545
H1,20,L1-Functional+Metamorphic,12,12,1,12,1,6,0.454545455
H1,25,L1-Functional+Metamorphic,11,7,0.6,10,0.9,2,0.1
H1,4,L1-Functional+Metamorphic,12,12,1,12,1,1,0
H1,6,L1-Functional+Metamorphic,11,11,1,11,1,3,0.2
H1,8,L1-Functional+Metamorphic,12,12,1,12,1,10,0.818181818
H1,9,L1-Functional+Metamorphic,12,11,0.909090909,12,1,12,1
H1,1,L1-Invariant,12,12,1,12,1,1,0
H1,10,L1-Invariant,12,12,1,12,1,1,0
H1,12,L1-Invariant,12,1,0,12,1,1,0
H1,13,L1-Invariant,12,12,1,12,1,1,0
H1,14,L1-Invariant,11,11,1,11,1,1,0
H1,15,L1-Invariant,12,12,1,12,1,1,0
H1,16,L1-Invariant,12,12,1,12,1,1,0
H1,17,L1-Invariant,12,12,1,12,1,1,0
H1,19,L1-Invariant,12,12,1,12,1,1,0
H1,2,L1-Invariant,12,12,1,12,1,1,0
H1,20,L1-Invariant,12,12,1,12,1,1,0
H1,25,L1-Invariant,11,11,1,11,1,1,0
H1,4,L1-Invariant,12,12,1,12,1,1,0
H1,6,L1-Invariant,11,11,1,11,1,1,0
H1,8,L1-Invariant,12,12,1,12,1,1,0
H1,9,L1-Invariant,12,12,1,12,1,1,0
H1,1,L1-Metamorphic,12,12,1,12,1,9,0.727272727
H1,10,L1-Metamorphic,12,12,1,12,1,12,1
H1,13,L1-Metamorphic,12,11,0.909090909,12,1,6,0.454545455
H1,15,L1-Metamorphic,12,11,0.909090909,12,1,2,0.090909091
H1,16,L1-Metamorphic,12,12,1,12,1,12,1
H1,17,L1-Metamorphic,12,12,1,12,1,9,0.727272727
H1,19,L1-Metamorphic,12,12,1,12,1,12,1
H1,2,L1-Metamorphic,12,11,0.909090909,12,1,7,0.545454545
H1,20,L1-Metamorphic,12,12,1,12,1,2,0.090909091
H1,25,L1-Metamorphic,11,9,0.8,11,1,3,0.2
H1,4,L1-Metamorphic,12,12,1,12,1,1,0
H1,6,L1-Metamorphic,11,11,1,11,1,3,0.2
H1,1,L2-Functional,12,12,1,12,1,2,0.090909091
H1,10,L2-Functional,12,12,1,12,1,5,0.363636364
H1,12,L2-Functional,12,1,0,12,1,7,0.545454545
H1,13,L2-Functional,12,12,1,12,1,7,0.545454545
H1,14,L2-Functional,11,11,1,11,1,11,1
H1,15,L2-Functional,12,12,1,12,1,3,0.181818182
H1,16,L2-Functional,12,12,1,12,1,8,0.636363636
H1,17,L2-Functional,12,12,1,12,1,10,0.818181818
H1,19,L2-Functional,12,12,1,12,1,5,0.363636364
H1,2,L2-Functional,12,11,0.909090909,12,1,7,0.545454545
H1,20,L2-Functional,12,12,1,12,1,7,0.545454545
H1,25,L2-Functional,11,8,0.7,10,0.9,2,0.1
H1,4,L2-Functional,12,12,1,12,1,3,0.181818182
H1,6,L2-Functional,11,11,1,11,1,5,0.4
H1,8,L2-Functional,12,12,1,12,1,10,0.818181818
H1,9,L2-Functional,12,11,0.909090909,12,1,12,1
H1,1,L2-Functional+Metamorphic,12,12,1,12,1,6,0.454545455
H1,10,L2-Functional+Metamorphic,12,12,1,12,1,7,0.545454545
H1,12,L2-Functional+Metamorphic,12,1,0,12,1,7,0.545454545
H1,13,L2-Functional+Metamorphic,12,11,0.909090909,12,1,6,0.454545455
H1,14,L2-Functional+Metamorphic,11,11,1,11,1,11,1
H1,15,L2-Functional+Metamorphic,12,12,1,12,1,3,0.181818182
H1,16,L2-Functional+Metamorphic,12,12,1,12,1,9,0.727272727
H1,17,L2-Functional+Metamorphic,12,12,1,12,1,10,0.818181818
H1,19,L2-Functional+Metamorphic,12,12,1,12,1,6,0.454545455
H1,2,L2-Functional+Metamorphic,12,11,0.909090909,12,1,7,0.545454545
H1,20,L2-Functional+Metamorphic,12,12,1,12,1,6,0.454545455
H1,25,L2-Functional+Metamorphic,11,7,0.6,10,0.9,2,0.1
H1,4,L2-Functional+Metamorphic,12,12,1,12,1,1,0
H1,6,L2-Functional+Metamorphic,11,11,1,11,1,3,0.2
H1,8,L2-Functional+Metamorphic,12,12,1,12,1,10,0.818181818
H1,9,L2-Functional+Metamorphic,12,11,0.909090909,12,1,12,1
H1,1,L2-Invariant,12,12,1,12,1,1,0
H1,10,L2-Invariant,12,12,1,12,1,1,0
H1,12,L2-Invariant,12,1,0,12,1,1,0
H1,13,L2-Invariant,12,12,1,12,1,1,0
H1,14,L2-Invariant,11,11,1,11,1,1,0
H1,15,L2-Invariant,12,12,1,12,1,1,0
H1,16,L2-Invariant,12,12,1,12,1,1,0
H1,17,L2-Invariant,12,12,1,12,1,1,0
H1,19,L2-Invariant,12,12,1,12,1,1,0
H1,2,L2-Invariant,12,12,1,12,1,1,0
H1,20,L2-Invariant,12,12,1,12,1,1,0
H1,25,L2-Invariant,11,11,1,11,1,1,0
H1,4,L2-Invariant,12,12,1,12,1,1,0
H1,6,L2-Invariant,11,11,1,11,1,1,0
H1,8,L2-Invariant,12,12,1,12,1,1,0
H1,9,L2-Invariant,12,12,1,12,1,1,0
H1,1,L2-Metamorphic,12,12,1,12,1,9,0.727272727
H1,10,L2-Metamorphic,12,12,1,12,1,12,1
H1,13,L2-Metamorphic,12,11,0.909090909,12,1,6,0.454545455
H1,15,L2-Metamorphic,12,11,0.909090909,12,1,2,0.090909091
H1,16,L2-Metamorphic,12,12,1,12,1,12,1
H1,17,L2-Metamorphic,12,12,1,12,1,9,0.727272727
H1,19,L2-Metamorphic,12,12,1,12,1,12,1
H1,2,L2-Metamorphic,12,11,0.909090909,12,1,7,0.545454545
H1,20,L2-Metamorphic,12,12,1,12,1,2,0.090909091
H1,25,L2-Metamorphic,11,9,0.8,11,1,3,0.2
H1,4,L2-Metamorphic,12,12,1,12,1,1,0
H1,6,L2-Metamorphic,11,11,1,11,1,3,0.2
H1,1,L3-Functional,12,12,1,12,1,2,0.090909091
H1,10,L3-Functional,12,12,1,12,1,5,0.363636364
H1,12,L3-Functional,12,1,0,12,1,7,0.545454545
H1,13,L3-Functional,12,12,1,12,1,7,0.545454545
H1,14,L3-Functional,11,11,1,11,1,11,1
H1,15,L3-Functional,12,12,1,12,1,3,0.181818182
H1,16,L3-Functional,12,12,1,12,1,8,0.636363636
H1,17,L3-Functional,12,12,1,12,1,10,0.818181818
H1,19,L3-Functional,12,12,1,12,1,5,0.363636364
H1,2,L3-Functional,12,11,0.909090909,12,1,7,0.545454545
H1,20,L3-Functional,12,12,1,12,1,7,0.545454545
H1,25,L3-Functional,11,8,0.7,10,0.9,2,0.1
H1,4,L3-Functional,12,12,1,12,1,3,0.181818182
H1,6,L3-Functional,11,11,1,11,1,5,0.4
H1,8,L3-Functional,12,12,1,12,1,10,0.818181818
H1,9,L3-Functional,12,11,0.909090909,12,1,12,1
H1,1,L3-Functional+Metamorphic,12,12,1,12,1,6,0.454545455
H1,10,L3-Functional+Metamorphic,12,12,1,12,1,7,0.545454545
H1,12,L3-Functional+Metamorphic,12,1,0,12,1,7,0.545454545
H1,13,L3-Functional+Metamorphic,12,11,0.909090909,12,1,6,0.454545455
H1,14,L3-Functional+Metamorphic,11,11,1,11,1,11,1
H1,15,L3-Functional+Metamorphic,12,12,1,12,1,3,0.181818182
H1,16,L3-Functional+Metamorphic,12,12,1,12,1,9,0.727272727
H1,17,L3-Functional+Metamorphic,12,12,1,12,1,10,0.818181818
H1,19,L3-Functional+Metamorphic,12,12,1,12,1,6,0.454545455
H1,2,L3-Functional+Metamorphic,12,11,0.909090909,12,1,7,0.545454545
H1,20,L3-Functional+Metamorphic,12,12,1,12,1,6,0.454545455
H1,25,L3-Functional+Metamorphic,11,7,0.6,10,0.9,2,0.1
H1,4,L3-Functional+Metamorphic,12,12,1,12,1,1,0
H1,6,L3-Functional+Metamorphic,11,11,1,11,1,3,0.2
H1,8,L3-Functional+Metamorphic,12,12,1,12,1,10,0.818181818
H1,9,L3-Functional+Metamorphic,12,11,0.909090909,12,1,12,1
H1,1,L3-Invariant,12,12,1,12,1,1,0
H1,10,L3-Invariant,12,12,1,12,1,1,0
H1,12,L3-Invariant,12,1,0,12,1,1,0
H1,13,L3-Invariant,12,12,1,12,1,1,0
H1,14,L3-Invariant,11,11,1,11,1,1,0
H1,15,L3-Invariant,12,12,1,12,1,1,0
H1,16,L3-Invariant,12,12,1,12,1,1,0
H1,17,L3-Invariant,12,12,1,12,1,1,0
H1,19,L3-Invariant,12,12,1,12,1,1,0
H1,2,L3-Invariant,12,12,1,12,1,1,0
H1,20,L3-Invariant,12,12,1,12,1,1,0
H1,25,L3-Invariant,11,11,1,11,1,1,0
H1,4,L3-Invariant,12,12,1,12,1,1,0
H1,6,L3-Invariant,11,11,1,11,1,1,0
H1,8,L3-Invariant,12,12,1,12,1,1,0
H1,9,L3-Invariant,12,12,1,12,1,1,0
H1,1,L3-Metamorphic,12,12,1,12,1,9,0.727272727
H1,10,L3-Metamorphic,12,12,1,12,1,12,1
H1,13,L3-Metamorphic,12,11,0.909090909,12,1,6,0.454545455
H1,15,L3-Metamorphic,12,11,0.909090909,12,1,2,0.090909091
H1,16,L3-Metamorphic,12,12,1,12,1,12,1
H1,17,L3-Metamorphic,12,12,1,12,1,9,0.727272727
H1,19,L3-Metamorphic,12,12,1,12,1,12,1
H1,2,L3-Metamorphic,12,11,0.909090909,12,1,7,0.545454545
H1,20,L3-Metamorphic,12,12,1,12,1,2,0.090909091
H1,25,L3-Metamorphic,11,9,0.8,11,1,3,0.2
H1,4,L3-Metamorphic,12,12,1,12,1,1,0
H1,6,L3-Metamorphic,11,11,1,11,1,3,0.2
H1,1,L4-Functional,12,12,1,12,1,2,0.090909091
H1,10,L4-Functional,12,12,1,12,1,5,0.363636364
H1,12,L4-Functional,12,1,0,12,1,7,0.545454545
H1,13,L4-Functional,12,12,1,12,1,7,0.545454545
H1,14,L4-Functional,11,11,1,11,1,11,1
H1,15,L4-Functional,12,12,1,12,1,3,0.181818182
H1,16,L4-Functional,12,12,1,12,1,8,0.636363636
H1,17,L4-Functional,12,12,1,12,1,10,0.818181818
H1,19,L4-Functional,12,12,1,12,1,5,0.363636364
H1,2,L4-Functional,12,11,0.909090909,12,1,7,0.545454545
H1,20,L4-Functional,12,12,1,12,1,7,0.545454545
H1,25,L4-Functional,11,8,0.7,10,0.9,2,0.1
H1,4,L4-Functional,12,12,1,12,1,3,0.181818182
H1,6,L4-Functional,11,11,1,11,1,5,0.4
H1,8,L4-Functional,12,12,1,12,1,10,0.818181818
H1,9,L4-Functional,12,11,0.909090909,12,1,12,1
H1,1,L4-Functional+Metamorphic,12,12,1,12,1,6,0.454545455
H1,10,L4-Functional+Metamorphic,12,12,1,12,1,7,0.545454545
H1,12,L4-Functional+Metamorphic,12,1,0,12,1,7,0.545454545
H1,13,L4-Functional+Metamorphic,12,11,0.909090909,12,1,6,0.454545455
H1,14,L4-Functional+Metamorphic,11,11,1,11,1,11,1
H1,15,L4-Functional+Metamorphic,12,12,1,12,1,3,0.181818182
H1,16,L4-Functional+Metamorphic,12,12,1,12,1,9,0.727272727
H1,17,L4-Functional+Metamorphic,12,12,1,12,1,10,0.818181818
H1,19,L4-Functional+Metamorphic,12,12,1,12,1,6,0.454545455
H1,2,L4-Functional+Metamorphic,12,11,0.909090909,12,1,7,0.545454545
H1,20,L4-Functional+Metamorphic,12,12,1,12,1,6,0.454545455
H1,25,L4-Functional+Metamorphic,11,7,0.6,10,0.9,2,0.1
H1,4,L4-Functional+Metamorphic,12,12,1,12,1,1,0
H1,6,L4-Functional+Metamorphic,11,11,1,11,1,3,0.2
H1,8,L4-Functional+Metamorphic,12,12,1,12,1,10,0.818181818
H1,9,L4-Functional+Metamorphic,12,11,0.909090909,12,1,12,1
H1,1,L4-Invariant,12,12,1,12,1,1,0
H1,10,L4-Invariant,12,12,1,12,1,1,0
H1,12,L4-Invariant,12,1,0,12,1,1,0
H1,13,L4-Invariant,12,12,1,12,1,1,0
H1,14,L4-Invariant,11,11,1,11,1,1,0
H1,15,L4-Invariant,12,12,1,12,1,1,0
H1,16,L4-Invariant,12,12,1,12,1,1,0
H1,17,L4-Invariant,12,12,1,12,1,1,0
H1,19,L4-Invariant,12,12,1,12,1,1,0
H1,2,L4-Invariant,12,12,1,12,1,1,0
H1,20,L4-Invariant,12,12,1,12,1,1,0
H1,25,L4-Invariant,11,11,1,11,1,1,0
H1,4,L4-Invariant,12,12,1,12,1,1,0
H1,6,L4-Invariant,11,11,1,11,1,1,0
H1,8,L4-Invariant,12,12,1,12,1,1,0
H1,9,L4-Invariant,12,12,1,12,1,1,0
H1,1,L4-Metamorphic,12,12,1,12,1,9,0.727272727
H1,10,L4-Metamorphic,12,12,1,12,1,12,1
H1,13,L4-Metamorphic,12,11,0.909090909,12,1,6,0.454545455
H1,15,L4-Metamorphic,12,11,0.909090909,12,1,2,0.090909091
H1,16,L4-Metamorphic,12,12,1,12,1,12,1
H1,17,L4-Metamorphic,12,12,1,12,1,9,0.727272727
H1,19,L4-Metamorphic,12,12,1,12,1,12,1
H1,2,L4-Metamorphic,12,11,0.909090909,12,1,7,0.545454545
H1,20,L4-Metamorphic,12,12,1,12,1,2,0.090909091
H1,25,L4-Metamorphic,11,9,0.8,11,1,3,0.2
H1,4,L4-Metamorphic,12,12,1,12,1,1,0
H1,6,L4-Metamorphic,11,11,1,11,1,3,0.2
H1,1,L5-Functional,12,12,1,12,1,2,0.090909091
H1,10,L5-Functional,12,12,1,12,1,5,0.363636364
H1,12,L5-Functional,12,1,0,12,1,7,0.545454545
H1,13,L5-Functional,12,12,1,12,1,7,0.545454545
H1,14,L5-Functional,11,11,1,11,1,11,1
H1,15,L5-Functional,12,12,1,12,1,3,0.181818182
H1,16,L5-Functional,12,12,1,12,1,8,0.636363636
H1,17,L5-Functional,12,12,1,12,1,10,0.818181818
H1,19,L5-Functional,12,12,1,12,1,5,0.363636364
H1,2,L5-Functional,12,11,0.909090909,12,1,7,0.545454545
H1,20,L5-Functional,12,12,1,12,1,7,0.545454545
H1,25,L5-Functional,11,8,0.7,10,0.9,2,0.1
H1,4,L5-Functional,12,12,1,12,1,3,0.181818182
H1,6,L5-Functional,11,11,1,11,1,5,0.4
H1,8,L5-Functional,12,12,1,12,1,10,0.818181818
H1,9,L5-Functional,12,11,0.909090909,12,1,12,1
H1,1,L5-Functional+Metamorphic,12,12,1,12,1,6,0.454545455
H1,10,L5-Functional+Metamorphic,12,12,1,12,1,7,0.545454545
H1,12,L5-Functional+Metamorphic,12,1,0,12,1,7,0.545454545
H1,13,L5-Functional+Metamorphic,12,11,0.909090909,12,1,6,0.454545455
H1,14,L5-Functional+Metamorphic,11,11,1,11,1,11,1
H1,15,L5-Functional+Metamorphic,12,12,1,12,1,3,0.181818182
H1,16,L5-Functional+Metamorphic,12,12,1,12,1,9,0.727272727
H1,17,L5-Functional+Metamorphic,12,12,1,12,1,10,0.818181818
H1,19,L5-Functional+Metamorphic,12,12,1,12,1,6,0.454545455
H1,2,L5-Functional+Metamorphic,12,11,0.909090909,12,1,7,0.545454545
H1,20,L5-Functional+Metamorphic,12,12,1,12,1,6,0.454545455
H1,25,L5-Functional+Metamorphic,11,7,0.6,10,0.9,2,0.1
H1,4,L5-Functional+Metamorphic,12,12,1,12,1,1,0
H1,6,L5-Functional+Metamorphic,11,11,1,11,1,3,0.2
H1,8,L5-Functional+Metamorphic,12,12,1,12,1,10,0.818181818
H1,9,L5-Functional+Metamorphic,12,11,0.909090909,12,1,12,1
H1,1,L5-Invariant,12,12,1,12,1,1,0
H1,10,L5-Invariant,12,12,1,12,1,1,0
H1,12,L5-Invariant,12,1,0,12,1,1,0
H1,13,L5-Invariant,12,12,1,12,1,1,0
H1,14,L5-Invariant,11,11,1,11,1,1,0
H1,15,L5-Invariant,12,12,1,12,1,1,0
H1,16,L5-Invariant,12,12,1,12,1,1,0
H1,17,L5-Invariant,12,12,1,12,1,1,0
H1,19,L5-Invariant,12,12,1,12,1,1,0
H1,2,L5-Invariant,12,12,1,12,1,1,0
H1,20,L5-Invariant,12,12,1,12,1,1,0
H1,25,L5-Invariant,11,11,1,11,1,1,0
H1,4,L5-Invariant,12,12,1,12,1,1,0
H1,6,L5-Invariant,11,11,1,11,1,1,0
H1,8,L5-Invariant,12,12,1,12,1,1,0
H1,9,L5-Invariant,12,12,1,12,1,1,0
H1,1,L5-Metamorphic,12,12,1,12,1,9,0.727272727
H1,10,L5-Metamorphic,12,12,1,12,1,12,1
H1,13,L5-Metamorphic,12,11,0.909090909,12,1,6,0.454545455
H1,15,L5-Metamorphic,12,11,0.909090909,12,1,2,0.090909091
H1,16,L5-Metamorphic,12,12,1,12,1,12,1
H1,17,L5-Metamorphic,12,12,1,12,1,9,0.727272727
H1,19,L5-Metamorphic,12,12,1,12,1,12,1
H1,2,L5-Metamorphic,12,11,0.909090909,12,1,7,0.545454545
H1,20,L5-Metamorphic,12,12,1,12,1,2,0.090909091
H1,25,L5-Metamorphic,11,9,0.8,11,1,3,0.2
H1,4,L5-Metamorphic,12,12,1,12,1,1,0
H1,6,L5-Metamorphic,11,11,1,11,1,3,0.2
H1,1,L1,12,11,0.909090909,12,1,1,0
H1,10,L1,12,11,0.909090909,12,1,1,0
H1,12,L1,12,1,0,12,1,1,0
H1,13,L1,12,11,0.909090909,12,1,1,0
H1,14,L1,11,11,1,11,1,2,0.1
H1,15,L1,12,11,0.909090909,12,1,1,0
H1,16,L1,12,12,1,12,1,1,0
H1,17,L1,12,12,1,12,1,1,0
H1,19,L1,12,10,0.818181818,12,1,1,0
H1,2,L1,12,11,0.909090909,12,1,1,0
H1,20,L1,12,12,1,12,1,1,0
H1,25,L1,11,7,0.6,10,0.9,1,0
H1,4,L1,12,12,1,12,1,1,0
H1,6,L1,11,11,1,11,1,1,0
H1,8,L1,12,12,1,12,1,1,0
H1,9,L1,12,11,0.909090909,12,1,2,0.090909091
H1,1,L2,12,11,0.909090909,12,1,1,0
H1,10,L2,12,11,0.909090909,12,1,1,0
H1,12,L2,12,1,0,12,1,1,0
H1,13,L2,12,11,0.909090909,12,1,1,0
H1,14,L2,11,11,1,11,1,2,0.1
H1,15,L2,12,11,0.909090909,12,1,1,0
H1,16,L2,12,12,1,12,1,1,0
H1,17,L2,12,12,1,12,1,1,0
H1,19,L2,12,10,0.818181818,12,1,1,0
H1,2,L2,12,11,0.909090909,12,1,1,0
H1,20,L2,12,12,1,12,1,1,0
H1,25,L2,11,7,0.6,10,0.9,1,0
H1,4,L2,12,12,1,12,1,1,0
H1,6,L2,11,11,1,11,1,1,0
H1,8,L2,12,12,1,12,1,1,0
H1,9,L2,12,11,0.909090909,12,1,2,0.090909091
H1,1,L3,12,11,0.909090909,12,1,1,0
H1,10,L3,12,11,0.909090909,12,1,1,0
H1,12,L3,12,1,0,12,1,1,0
H1,13,L3,12,11,0.909090909,12,1,1,0
H1,14,L3,11,11,1,11,1,2,0.1
H1,15,L3,12,11,0.909090909,12,1,1,0
H1,16,L3,12,12,1,12,1,1,0
H1,17,L3,12,12,1,12,1,1,0
H1,19,L3,12,10,0.818181818,12,1,1,0
H1,2,L3,12,11,0.909090909,12,1,1,0
H1,20,L3,12,12,1,12,1,1,0
H1,25,L3,11,7,0.6,10,0.9,1,0
H1,4,L3,12,12,1,12,1,1,0
H1,6,L3,11,11,1,11,1,1,0
H1,8,L3,12,12,1,12,1,1,0
H1,9,L3,12,11,0.909090909,12,1,2,0.090909091
H1,1,L4,12,12,1,12,1,1,0
H1,10,L4,12,12,1,12,1,1,0
H1,12,L4,12,1,0,12,1,1,0
H1,13,L4,12,12,1,12,1,1,0
H1,14,L4,11,11,1,11,1,1,0
H1,15,L4,12,12,1,12,1,1,0
H1,16,L4,12,12,1,12,1,1,0
H1,17,L4,12,12,1,12,1,1,0
H1,19,L4,12,12,1,12,1,1,0
H1,2,L4,12,12,1,12,1,1,0
H1,20,L4,12,12,1,12,1,1,0
H1,25,L4,11,11,1,11,1,1,0
H1,4,L4,12,12,1,12,1,1,0
H1,6,L4,11,11,1,11,1,1,0
H1,8,L4,12,12,1,12,1,1,0
H1,9,L4,12,12,1,12,1,1,0
H1,1,L5,12,12,1,12,1,1,0
H1,10,L5,12,12,1,12,1,1,0
H1,12,L5,12,1,0,12,1,1,0
H1,13,L5,12,12,1,12,1,1,0
H1,14,L5,11,11,1,11,1,1,0
H1,15,L5,12,12,1,12,1,1,0
H1,16,L5,12,12,1,12,1,1,0
H1,17,L5,12,12,1,12,1,1,0
H1,19,L5,12,12,1,12,1,1,0
H1,2,L5,12,12,1,12,1,1,0
H1,20,L5,12,12,1,12,1,1,0
H1,25,L5,11,11,1,11,1,1,0
H1,4,L5,12,12,1,12,1,1,0
H1,6,L5,11,11,1,11,1,1,0
H1,8,L5,12,12,1,12,1,1,0
H1,9,L5,12,12,1,12,1,1,0
AL1D,11,L1-Functional,6,6,1,6,1,6,1
AL1D,12,L1-Functional,6,3,0.4,6,1,5,0.8
AL1D,13,L1-Functional,6,6,1,6,1,3,0.4
AL1D,14,L1-Functional,6,5,0.8,6,1,1,0
AL1D,15,L1-Functional,6,1,0,1,0,6,1
AL1D,16,L1-Functional,5,3,0.5,5,1,5,1
AL1D,17,L1-Functional,6,6,1,6,1,6,1
AL1D,19,L1-Functional,6,3,0.4,3,0.4,6,1
AL1D,2,L1-Functional,5,3,0.5,5,1,1,0
AL1D,20,L1-Functional,5,5,1,3,0.5,1,0
AL1D,21,L1-Functional,5,5,1,5,1,5,1
AL1D,23,L1-Functional,6,6,1,6,1,3,0.4
AL1D,3,L1-Functional,5,5,1,5,1,5,1
AL1D,4,L1-Functional,6,3,0.4,3,0.4,4,0.6
AL1D,6,L1-Functional,6,3,0.4,3,0.4,1,0
AL1D,7,L1-Functional,5,2,0.25,1,0,5,1
AL1D,9,L1-Functional,5,2,0.25,4,0.75,2,0.25
AL1D,11,L1-Functional+Metamorphic,6,3,0.4,1,0,1,0
AL1D,12,L1-Functional+Metamorphic,6,1,0,6,1,4,0.6
AL1D,13,L1-Functional+Metamorphic,6,6,1,6,1,3,0.4
AL1D,14,L1-Functional+Metamorphic,6,5,0.8,6,1,1,0
AL1D,15,L1-Functional+Metamorphic,6,1,0,1,0,6,1
AL1D,16,L1-Functional+Metamorphic,5,3,0.5,5,1,3,0.5
AL1D,17,L1-Functional+Metamorphic,6,2,0.2,6,1,1,0
AL1D,19,L1-Functional+Metamorphic,6,4,0.6,4,0.6,1,0
AL1D,2,L1-Functional+Metamorphic,5,3,0.5,5,1,1,0
AL1D,20,L1-Functional+Metamorphic,5,5,1,3,0.5,1,0
AL1D,21,L1-Functional+Metamorphic,5,5,1,5,1,5,1
AL1D,23,L1-Functional+Metamorphic,6,6,1,6,1,3,0.4
AL1D,3,L1-Functional+Metamorphic,5,5,1,5,1,5,1
AL1D,4,L1-Functional+Metamorphic,6,4,0.6,3,0.4,1,0
AL1D,6,L1-Functional+Metamorphic,6,3,0.4,3,0.4,1,0
AL1D,7,L1-Functional+Metamorphic,5,2,0.25,1,0,1,0
AL1D,9,L1-Functional+Metamorphic,5,1,0,4,0.75,2,0.25
AL1D,11,L1-Invariant,6,6,1,6,1,1,0
AL1D,12,L1-Invariant,6,1,0,6,1,1,0
AL1D,13,L1-Invariant,6,6,1,6,1,1,0
AL1D,14,L1-Invariant,6,6,1,6,1,1,0
AL1D,15,L1-Invariant,6,1,0,1,0,6,1
AL1D,16,L1-Invariant,5,5,1,5,1,1,0
AL1D,17,L1-Invariant,6,6,1,6,1,1,0
AL1D,19,L1-Invariant,6,5,0.8,6,1,1,0
AL1D,2,L1-Invariant,5,4,0.75,5,1,1,0
AL1D,20,L1-Invariant,5,5,1,5,1,1,0
AL1D,21,L1-Invariant,5,5,1,5,1,5,1
AL1D,23,L1-Invariant,6,6,1,6,1,1,0
AL1D,3,L1-Invariant,5,5,1,5,1,5,1
AL1D,4,L1-Invariant,6,6,1,6,1,1,0
AL1D,6,L1-Invariant,6,6,1,6,1,1,0
AL1D,7,L1-Invariant,5,3,0.5,5,1,1,0
AL1D,9,L1-Invariant,5,1,0,5,1,1,0
AL1D,11,L1-Metamorphic,6,3,0.4,1,0,1,0
AL1D,12,L1-Metamorphic,6,1,0,6,1,4,0.6
AL1D,13,L1-Metamorphic,6,6,1,6,1,3,0.4
AL1D,14,L1-Metamorphic,6,5,0.8,6,1,1,0
AL1D,15,L1-Metamorphic,6,1,0,1,0,6,1
AL1D,16,L1-Metamorphic,5,3,0.5,5,1,3,0.5
AL1D,17,L1-Metamorphic,6,2,0.2,6,1,1,0
AL1D,19,L1-Metamorphic,6,4,0.6,4,0.6,1,0
AL1D,2,L1-Metamorphic,5,3,0.5,5,1,1,0
AL1D,20,L1-Metamorphic,5,5,1,3,0.5,1,0
AL1D,21,L1-Metamorphic,5,5,1,5,1,5,1
AL1D,23,L1-Metamorphic,6,6,1,6,1,3,0.4
AL1D,3,L1-Metamorphic,5,5,1,5,1,5,1
AL1D,4,L1-Metamorphic,6,4,0.6,3,0.4,1,0
AL1D,6,L1-Metamorphic,6,3,0.4,3,0.4,1,0
AL1D,7,L1-Metamorphic,5,2,0.25,1,0,1,0
AL1D,9,L1-Metamorphic,5,1,0,4,0.75,2,0.25
AL1D,11,L1,6,3,0.4,1,0,1,0
AL1D,12,L1,6,1,0,6,1,4,0.6
AL1D,13,L1,6,6,1,6,1,3,0.4
AL1D,14,L1,6,5,0.8,6,1,1,0
AL1D,15,L1,6,1,0,1,0,6,1
AL1D,16,L1,5,3,0.5,5,1,3,0.5
AL1D,17,L1,6,2,0.2,6,1,1,0
AL1D,19,L1,6,4,0.6,4,0.6,1,0
AL1D,2,L1,5,3,0.5,5,1,1,0
AL1D,20,L1,5,5,1,3,0.5,1,0
AL1D,21,L1,5,5,1,5,1,5,1
AL1D,23,L1,6,6,1,6,1,3,0.4
AL1D,3,L1,5,5,1,5,1,5,1
AL1D,4,L1,6,4,0.6,3,0.4,1,0
AL1D,6,L1,6,3,0.4,3,0.4,1,0
AL1D,7,L1,5,2,0.25,1,0,1,0
AL1D,9,L1,5,1,0,4,0.75,2,0.25
AL1D,11,L2-Functional,6,6,1,6,1,6,1
AL1D,12,L2-Functional,6,3,0.4,6,1,5,0.8
AL1D,13,L2-Functional,6,6,1,6,1,3,0.4
AL1D,14,L2-Functional,6,5,0.8,6,1,1,0
AL1D,15,L2-Functional,6,1,0,1,0,6,1
AL1D,16,L2-Functional,5,3,0.5,5,1,5,1
AL1D,17,L2-Functional,6,6,1,6,1,6,1
AL1D,19,L2-Functional,6,3,0.4,3,0.4,6,1
AL1D,2,L2-Functional,5,3,0.5,5,1,1,0
AL1D,20,L2-Functional,5,5,1,3,0.5,1,0
AL1D,21,L2-Functional,5,5,1,5,1,5,1
AL1D,23,L2-Functional,6,6,1,6,1,3,0.4
AL1D,3,L2-Functional,5,5,1,5,1,5,1
AL1D,4,L2-Functional,6,3,0.4,3,0.4,4,0.6
AL1D,6,L2-Functional,6,3,0.4,3,0.4,1,0
AL1D,7,L2-Functional,5,2,0.25,1,0,5,1
AL1D,9,L2-Functional,5,2,0.25,4,0.75,2,0.25
AL1D,11,L2-Functional+Metamorphic,6,3,0.4,1,0,1,0
AL1D,12,L2-Functional+Metamorphic,6,1,0,6,1,4,0.6
AL1D,13,L2-Functional+Metamorphic,6,6,1,6,1,3,0.4
AL1D,14,L2-Functional+Metamorphic,6,5,0.8,6,1,1,0
AL1D,15,L2-Functional+Metamorphic,6,1,0,1,0,6,1
AL1D,16,L2-Functional+Metamorphic,5,3,0.5,5,1,3,0.5
AL1D,17,L2-Functional+Metamorphic,6,2,0.2,6,1,1,0
AL1D,19,L2-Functional+Metamorphic,6,4,0.6,4,0.6,1,0
AL1D,2,L2-Functional+Metamorphic,5,3,0.5,5,1,1,0
AL1D,20,L2-Functional+Metamorphic,5,5,1,3,0.5,1,0
AL1D,21,L2-Functional+Metamorphic,5,5,1,5,1,5,1
AL1D,23,L2-Functional+Metamorphic,6,6,1,6,1,3,0.4
AL1D,3,L2-Functional+Metamorphic,5,5,1,5,1,5,1
AL1D,4,L2-Functional+Metamorphic,6,4,0.6,3,0.4,1,0
AL1D,6,L2-Functional+Metamorphic,6,3,0.4,3,0.4,1,0
AL1D,7,L2-Functional+Metamorphic,5,2,0.25,1,0,1,0
AL1D,9,L2-Functional+Metamorphic,5,1,0,4,0.75,2,0.25
AL1D,11,L2-Invariant,6,6,1,6,1,1,0
AL1D,12,L2-Invariant,6,1,0,6,1,1,0
AL1D,13,L2-Invariant,6,6,1,6,1,1,0
AL1D,14,L2-Invariant,6,6,1,6,1,1,0
AL1D,15,L2-Invariant,6,1,0,1,0,6,1
AL1D,16,L2-Invariant,5,5,1,5,1,1,0
AL1D,17,L2-Invariant,6,6,1,6,1,1,0
AL1D,19,L2-Invariant,6,5,0.8,6,1,1,0
AL1D,2,L2-Invariant,5,4,0.75,5,1,1,0
AL1D,20,L2-Invariant,5,5,1,5,1,1,0
AL1D,21,L2-Invariant,5,5,1,5,1,5,1
AL1D,23,L2-Invariant,6,6,1,6,1,1,0
AL1D,3,L2-Invariant,5,5,1,5,1,5,1
AL1D,4,L2-Invariant,6,6,1,6,1,1,0
AL1D,6,L2-Invariant,6,6,1,6,1,1,0
AL1D,7,L2-Invariant,5,3,0.5,5,1,1,0
AL1D,9,L2-Invariant,5,1,0,5,1,1,0
AL1D,11,L2-Metamorphic,6,3,0.4,1,0,1,0
AL1D,12,L2-Metamorphic,6,1,0,6,1,4,0.6
AL1D,13,L2-Metamorphic,6,6,1,6,1,3,0.4
AL1D,14,L2-Metamorphic,6,5,0.8,6,1,1,0
AL1D,15,L2-Metamorphic,6,1,0,1,0,6,1
AL1D,16,L2-Metamorphic,5,3,0.5,5,1,3,0.5
AL1D,17,L2-Metamorphic,6,2,0.2,6,1,1,0
AL1D,19,L2-Metamorphic,6,4,0.6,4,0.6,1,0
AL1D,2,L2-Metamorphic,5,3,0.5,5,1,1,0
AL1D,20,L2-Metamorphic,5,5,1,3,0.5,1,0
AL1D,21,L2-Metamorphic,5,5,1,5,1,5,1
AL1D,23,L2-Metamorphic,6,6,1,6,1,3,0.4
AL1D,3,L2-Metamorphic,5,5,1,5,1,5,1
AL1D,4,L2-Metamorphic,6,4,0.6,3,0.4,1,0
AL1D,6,L2-Metamorphic,6,3,0.4,3,0.4,1,0
AL1D,7,L2-Metamorphic,5,2,0.25,1,0,1,0
AL1D,9,L2-Metamorphic,5,1,0,4,0.75,2,0.25
AL1D,11,L2,6,3,0.4,1,0,1,0
AL1D,12,L2,6,1,0,6,1,4,0.6
AL1D,13,L2,6,6,1,6,1,3,0.4
AL1D,14,L2,6,5,0.8,6,1,1,0
AL1D,15,L2,6,1,0,1,0,6,1
AL1D,16,L2,5,3,0.5,5,1,3,0.5
AL1D,17,L2,6,2,0.2,6,1,1,0
AL1D,19,L2,6,4,0.6,4,0.6,1,0
AL1D,2,L2,5,3,0.5,5,1,1,0
AL1D,20,L2,5,5,1,3,0.5,1,0
AL1D,21,L2,5,5,1,5,1,5,1
AL1D,23,L2,6,6,1,6,1,3,0.4
AL1D,3,L2,5,5,1,5,1,5,1
AL1D,4,L2,6,4,0.6,3,0.4,1,0
AL1D,6,L2,6,3,0.4,3,0.4,1,0
AL1D,7,L2,5,2,0.25,1,0,1,0
AL1D,9,L2,5,1,0,4,0.75,2,0.25
AL1D,11,L3-Functional,6,6,1,6,1,6,1
AL1D,12,L3-Functional,6,3,0.4,6,1,5,0.8
AL1D,13,L3-Functional,6,6,1,6,1,3,0.4
AL1D,14,L3-Functional,6,5,0.8,6,1,1,0
AL1D,15,L3-Functional,6,1,0,1,0,6,1
AL1D,16,L3-Functional,5,3,0.5,5,1,5,1
AL1D,17,L3-Functional,6,6,1,6,1,6,1
AL1D,19,L3-Functional,6,3,0.4,3,0.4,6,1
AL1D,2,L3-Functional,5,3,0.5,5,1,1,0
AL1D,20,L3-Functional,5,5,1,3,0.5,1,0
AL1D,21,L3-Functional,5,5,1,5,1,5,1
AL1D,23,L3-Functional,6,6,1,6,1,3,0.4
AL1D,3,L3-Functional,5,5,1,5,1,5,1
AL1D,4,L3-Functional,6,3,0.4,3,0.4,4,0.6
AL1D,6,L3-Functional,6,3,0.4,3,0.4,1,0
AL1D,7,L3-Functional,5,2,0.25,1,0,5,1
AL1D,9,L3-Functional,5,2,0.25,4,0.75,2,0.25
AL1D,11,L3-Functional+Metamorphic,6,3,0.4,1,0,1,0
AL1D,12,L3-Functional+Metamorphic,6,1,0,6,1,4,0.6
AL1D,13,L3-Functional+Metamorphic,6,6,1,6,1,3,0.4
AL1D,14,L3-Functional+Metamorphic,6,5,0.8,6,1,1,0
AL1D,15,L3-Functional+Metamorphic,6,1,0,1,0,6,1
AL1D,16,L3-Functional+Metamorphic,5,3,0.5,5,1,3,0.5
AL1D,17,L3-Functional+Metamorphic,6,2,0.2,6,1,1,0
AL1D,19,L3-Functional+Metamorphic,6,4,0.6,4,0.6,1,0
AL1D,2,L3-Functional+Metamorphic,5,3,0.5,5,1,1,0
AL1D,20,L3-Functional+Metamorphic,5,5,1,3,0.5,1,0
AL1D,21,L3-Functional+Metamorphic,5,5,1,5,1,5,1
AL1D,23,L3-Functional+Metamorphic,6,6,1,6,1,3,0.4
AL1D,3,L3-Functional+Metamorphic,5,5,1,5,1,5,1
AL1D,4,L3-Functional+Metamorphic,6,4,0.6,3,0.4,1,0
AL1D,6,L3-Functional+Metamorphic,6,3,0.4,3,0.4,1,0
AL1D,7,L3-Functional+Metamorphic,5,2,0.25,1,0,1,0
AL1D,9,L3-Functional+Metamorphic,5,1,0,4,0.75,2,0.25
AL1D,11,L3-Invariant,6,6,1,6,1,1,0
AL1D,12,L3-Invariant,6,1,0,6,1,1,0
AL1D,13,L3-Invariant,6,6,1,6,1,1,0
AL1D,14,L3-Invariant,6,6,1,6,1,1,0
AL1D,15,L3-Invariant,6,1,0,1,0,6,1
AL1D,16,L3-Invariant,5,5,1,5,1,1,0
AL1D,17,L3-Invariant,6,6,1,6,1,1,0
AL1D,19,L3-Invariant,6,5,0.8,6,1,1,0
AL1D,2,L3-Invariant,5,4,0.75,5,1,1,0
AL1D,20,L3-Invariant,5,5,1,5,1,1,0
AL1D,21,L3-Invariant,5,5,1,5,1,5,1
AL1D,23,L3-Invariant,6,6,1,6,1,1,0
AL1D,3,L3-Invariant,5,5,1,5,1,5,1
AL1D,4,L3-Invariant,6,6,1,6,1,1,0
AL1D,6,L3-Invariant,6,6,1,6,1,1,0
AL1D,7,L3-Invariant,5,3,0.5,5,1,1,0
AL1D,9,L3-Invariant,5,1,0,5,1,1,0
AL1D,11,L3-Metamorphic,6,3,0.4,1,0,1,0
AL1D,12,L3-Metamorphic,6,1,0,6,1,4,0.6
AL1D,13,L3-Metamorphic,6,6,1,6,1,3,0.4
AL1D,14,L3-Metamorphic,6,5,0.8,6,1,1,0
AL1D,15,L3-Metamorphic,6,1,0,1,0,6,1
AL1D,16,L3-Metamorphic,5,3,0.5,5,1,3,0.5
AL1D,17,L3-Metamorphic,6,2,0.2,6,1,1,0
AL1D,19,L3-Metamorphic,6,4,0.6,4,0.6,1,0
AL1D,2,L3-Metamorphic,5,3,0.5,5,1,1,0
AL1D,20,L3-Metamorphic,5,5,1,3,0.5,1,0
AL1D,21,L3-Metamorphic,5,5,1,5,1,5,1
AL1D,23,L3-Metamorphic,6,6,1,6,1,3,0.4
AL1D,3,L3-Metamorphic,5,5,1,5,1,5,1
AL1D,4,L3-Metamorphic,6,4,0.6,3,0.4,1,0
AL1D,6,L3-Metamorphic,6,3,0.4,3,0.4,1,0
AL1D,7,L3-Metamorphic,5,2,0.25,1,0,1,0
AL1D,9,L3-Metamorphic,5,1,0,4,0.75,2,0.25
AL1D,11,L3,6,3,0.4,1,0,1,0
AL1D,12,L3,6,1,0,6,1,4,0.6
AL1D,13,L3,6,6,1,6,1,3,0.4
AL1D,14,L3,6,5,0.8,6,1,1,0
AL1D,15,L3,6,1,0,1,0,6,1
AL1D,16,L3,5,3,0.5,5,1,3,0.5
AL1D,17,L3,6,2,0.2,6,1,1,0
AL1D,19,L3,6,4,0.6,4,0.6,1,0
AL1D,2,L3,5,3,0.5,5,1,1,0
AL1D,20,L3,5,5,1,3,0.5,1,0
AL1D,21,L3,5,5,1,5,1,5,1
AL1D,23,L3,6,6,1,6,1,3,0.4
AL1D,3,L3,5,5,1,5,1,5,1
AL1D,4,L3,6,4,0.6,3,0.4,1,0
AL1D,6,L3,6,3,0.4,3,0.4,1,0
AL1D,7,L3,5,2,0.25,1,0,1,0
AL1D,9,L3,5,1,0,4,0.75,2,0.25
AL1D,11,L4-Functional,6,6,1,6,1,6,1
AL1D,12,L4-Functional,6,3,0.4,6,1,5,0.8
AL1D,13,L4-Functional,6,6,1,6,1,3,0.4
AL1D,14,L4-Functional,6,5,0.8,6,1,1,0
AL1D,15,L4-Functional,6,1,0,1,0,6,1
AL1D,16,L4-Functional,5,3,0.5,5,1,5,1
AL1D,17,L4-Functional,6,6,1,6,1,6,1
AL1D,19,L4-Functional,6,3,0.4,3,0.4,6,1
AL1D,2,L4-Functional,5,3,0.5,5,1,1,0
AL1D,20,L4-Functional,5,5,1,3,0.5,1,0
AL1D,21,L4-Functional,5,5,1,5,1,5,1
AL1D,23,L4-Functional,6,6,1,6,1,3,0.4
AL1D,3,L4-Functional,5,5,1,5,1,5,1
AL1D,4,L4-Functional,6,3,0.4,3,0.4,4,0.6
AL1D,6,L4-Functional,6,3,0.4,3,0.4,1,0
AL1D,7,L4-Functional,5,2,0.25,1,0,5,1
AL1D,9,L4-Functional,5,2,0.25,4,0.75,2,0.25
AL1D,11,L4-Functional+Metamorphic,6,3,0.4,1,0,1,0
AL1D,12,L4-Functional+Metamorphic,6,1,0,6,1,4,0.6
AL1D,13,L4-Functional+Metamorphic,6,6,1,6,1,3,0.4
AL1D,14,L4-Functional+Metamorphic,6,5,0.8,6,1,1,0
AL1D,15,L4-Functional+Metamorphic,6,1,0,1,0,6,1
AL1D,16,L4-Functional+Metamorphic,5,3,0.5,5,1,3,0.5
AL1D,17,L4-Functional+Metamorphic,6,2,0.2,6,1,1,0
AL1D,19,L4-Functional+Metamorphic,6,4,0.6,4,0.6,1,0
AL1D,2,L4-Functional+Metamorphic,5,3,0.5,5,1,1,0
AL1D,20,L4-Functional+Metamorphic,5,5,1,3,0.5,1,0
AL1D,21,L4-Functional+Metamorphic,5,5,1,5,1,5,1
AL1D,23,L4-Functional+Metamorphic,6,6,1,6,1,3,0.4
AL1D,3,L4-Functional+Metamorphic,5,5,1,5,1,5,1
AL1D,4,L4-Functional+Metamorphic,6,4,0.6,3,0.4,1,0
AL1D,6,L4-Functional+Metamorphic,6,3,0.4,3,0.4,1,0
AL1D,7,L4-Functional+Metamorphic,5,2,0.25,1,0,1,0
AL1D,9,L4-Functional+Metamorphic,5,1,0,4,0.75,2,0.25
AL1D,11,L4-Invariant,6,6,1,6,1,1,0
AL1D,12,L4-Invariant,6,1,0,6,1,1,0
AL1D,13,L4-Invariant,6,6,1,6,1,1,0
AL1D,14,L4-Invariant,6,6,1,6,1,1,0
AL1D,15,L4-Invariant,6,1,0,1,0,6,1
AL1D,16,L4-Invariant,5,5,1,5,1,1,0
AL1D,17,L4-Invariant,6,6,1,6,1,1,0
AL1D,19,L4-Invariant,6,5,0.8,6,1,1,0
AL1D,2,L4-Invariant,5,4,0.75,5,1,1,0
AL1D,20,L4-Invariant,5,5,1,5,1,1,0
AL1D,21,L4-Invariant,5,5,1,5,1,5,1
AL1D,23,L4-Invariant,6,6,1,6,1,1,0
AL1D,3,L4-Invariant,5,5,1,5,1,5,1
AL1D,4,L4-Invariant,6,6,1,6,1,1,0
AL1D,6,L4-Invariant,6,6,1,6,1,1,0
AL1D,7,L4-Invariant,5,3,0.5,5,1,1,0
AL1D,9,L4-Invariant,5,1,0,5,1,1,0
AL1D,11,L4-Metamorphic,6,3,0.4,1,0,1,0
AL1D,12,L4-Metamorphic,6,1,0,6,1,4,0.6
AL1D,13,L4-Metamorphic,6,6,1,6,1,3,0.4
AL1D,14,L4-Metamorphic,6,5,0.8,6,1,1,0
AL1D,15,L4-Metamorphic,6,1,0,1,0,6,1
AL1D,16,L4-Metamorphic,5,3,0.5,5,1,3,0.5
AL1D,17,L4-Metamorphic,6,2,0.2,6,1,1,0
AL1D,19,L4-Metamorphic,6,4,0.6,4,0.6,1,0
AL1D,2,L4-Metamorphic,5,3,0.5,5,1,1,0
AL1D,20,L4-Metamorphic,5,5,1,3,0.5,1,0
AL1D,21,L4-Metamorphic,5,5,1,5,1,5,1
AL1D,23,L4-Metamorphic,6,6,1,6,1,3,0.4
AL1D,3,L4-Metamorphic,5,5,1,5,1,5,1
AL1D,4,L4-Metamorphic,6,4,0.6,3,0.4,1,0
AL1D,6,L4-Metamorphic,6,3,0.4,3,0.4,1,0
AL1D,7,L4-Metamorphic,5,2,0.25,1,0,1,0
AL1D,9,L4-Metamorphic,5,1,0,4,0.75,2,0.25
AL1D,11,L4,6,3,0.4,1,0,1,0
AL1D,12,L4,6,1,0,6,1,4,0.6
AL1D,13,L4,6,6,1,6,1,3,0.4
AL1D,14,L4,6,5,0.8,6,1,1,0
AL1D,15,L4,6,1,0,1,0,6,1
AL1D,16,L4,5,3,0.5,5,1,3,0.5
AL1D,17,L4,6,2,0.2,6,1,1,0
AL1D,19,L4,6,4,0.6,4,0.6,1,0
AL1D,2,L4,5,3,0.5,5,1,1,0
AL1D,20,L4,5,5,1,3,0.5,1,0
AL1D,21,L4,5,5,1,5,1,5,1
AL1D,23,L4,6,6,1,6,1,3,0.4
AL1D,3,L4,5,5,1,5,1,5,1
AL1D,4,L4,6,4,0.6,3,0.4,1,0
AL1D,6,L4,6,3,0.4,3,0.4,1,0
AL1D,7,L4,5,2,0.25,1,0,1,0
AL1D,9,L4,5,1,0,4,0.75,2,0.25
AL1D,11,L5-Functional,6,6,1,6,1,6,1
AL1D,12,L5-Functional,6,3,0.4,6,1,5,0.8
AL1D,13,L5-Functional,6,6,1,6,1,3,0.4
AL1D,14,L5-Functional,6,5,0.8,6,1,1,0
AL1D,15,L5-Functional,6,1,0,1,0,6,1
AL1D,16,L5-Functional,5,3,0.5,5,1,5,1
AL1D,17,L5-Functional,6,6,1,6,1,6,1
AL1D,19,L5-Functional,6,3,0.4,3,0.4,6,1
AL1D,2,L5-Functional,5,3,0.5,5,1,1,0
AL1D,20,L5-Functional,5,5,1,3,0.5,1,0
AL1D,21,L5-Functional,5,5,1,5,1,5,1
AL1D,23,L5-Functional,6,6,1,6,1,3,0.4
AL1D,3,L5-Functional,5,5,1,5,1,5,1
AL1D,4,L5-Functional,6,3,0.4,3,0.4,4,0.6
AL1D,6,L5-Functional,6,3,0.4,3,0.4,1,0
AL1D,7,L5-Functional,5,2,0.25,1,0,5,1
AL1D,9,L5-Functional,5,2,0.25,4,0.75,2,0.25
AL1D,11,L5-Functional+Metamorphic,6,3,0.4,1,0,1,0
AL1D,12,L5-Functional+Metamorphic,6,1,0,6,1,4,0.6
AL1D,13,L5-Functional+Metamorphic,6,6,1,6,1,3,0.4
AL1D,14,L5-Functional+Metamorphic,6,5,0.8,6,1,1,0
AL1D,15,L5-Functional+Metamorphic,6,1,0,1,0,6,1
AL1D,16,L5-Functional+Metamorphic,5,3,0.5,5,1,3,0.5
AL1D,17,L5-Functional+Metamorphic,6,2,0.2,6,1,1,0
AL1D,19,L5-Functional+Metamorphic,6,4,0.6,4,0.6,1,0
AL1D,2,L5-Functional+Metamorphic,5,3,0.5,5,1,1,0
AL1D,20,L5-Functional+Metamorphic,5,5,1,3,0.5,1,0
AL1D,21,L5-Functional+Metamorphic,5,5,1,5,1,5,1
AL1D,23,L5-Functional+Metamorphic,6,6,1,6,1,3,0.4
AL1D,3,L5-Functional+Metamorphic,5,5,1,5,1,5,1
AL1D,4,L5-Functional+Metamorphic,6,4,0.6,3,0.4,1,0
AL1D,6,L5-Functional+Metamorphic,6,3,0.4,3,0.4,1,0
AL1D,7,L5-Functional+Metamorphic,5,2,0.25,1,0,1,0
AL1D,9,L5-Functional+Metamorphic,5,1,0,4,0.75,2,0.25
AL1D,11,L5-Invariant,6,6,1,6,1,1,0
AL1D,12,L5-Invariant,6,1,0,6,1,1,0
AL1D,13,L5-Invariant,6,6,1,6,1,1,0
AL1D,14,L5-Invariant,6,6,1,6,1,1,0
AL1D,15,L5-Invariant,6,1,0,1,0,6,1
AL1D,16,L5-Invariant,5,5,1,5,1,1,0
AL1D,17,L5-Invariant,6,6,1,6,1,1,0
AL1D,19,L5-Invariant,6,5,0.8,6,1,1,0
AL1D,2,L5-Invariant,5,4,0.75,5,1,1,0
AL1D,20,L5-Invariant,5,5,1,5,1,1,0
AL1D,21,L5-Invariant,5,5,1,5,1,5,1
AL1D,23,L5-Invariant,6,6,1,6,1,1,0
AL1D,3,L5-Invariant,5,5,1,5,1,5,1
AL1D,4,L5-Invariant,6,6,1,6,1,1,0
AL1D,6,L5-Invariant,6,6,1,6,1,1,0
AL1D,7,L5-Invariant,5,3,0.5,5,1,1,0
AL1D,9,L5-Invariant,5,1,0,5,1,1,0
AL1D,11,L5-Metamorphic,6,3,0.4,1,0,1,0
AL1D,12,L5-Metamorphic,6,1,0,6,1,4,0.6
AL1D,13,L5-Metamorphic,6,6,1,6,1,3,0.4
AL1D,14,L5-Metamorphic,6,5,0.8,6,1,1,0
AL1D,15,L5-Metamorphic,6,1,0,1,0,6,1
AL1D,16,L5-Metamorphic,5,3,0.5,5,1,3,0.5
AL1D,17,L5-Metamorphic,6,2,0.2,6,1,1,0
AL1D,19,L5-Metamorphic,6,4,0.6,4,0.6,1,0
AL1D,2,L5-Metamorphic,5,3,0.5,5,1,1,0
AL1D,20,L5-Metamorphic,5,5,1,3,0.5,1,0
AL1D,21,L5-Metamorphic,5,5,1,5,1,5,1
AL1D,23,L5-Metamorphic,6,6,1,6,1,3,0.4
AL1D,3,L5-Metamorphic,5,5,1,5,1,5,1
AL1D,4,L5-Metamorphic,6,4,0.6,3,0.4,1,0
AL1D,6,L5-Metamorphic,6,3,0.4,3,0.4,1,0
AL1D,7,L5-Metamorphic,5,2,0.25,1,0,1,0
AL1D,9,L5-Metamorphic,5,1,0,4,0.75,2,0.25
AL1D,11,L5,6,3,0.4,1,0,1,0
AL1D,12,L5,6,1,0,6,1,4,0.6
AL1D,13,L5,6,6,1,6,1,3,0.4
AL1D,14,L5,6,5,0.8,6,1,1,0
AL1D,15,L5,6,1,0,1,0,6,1
AL1D,16,L5,5,3,0.5,5,1,3,0.5
AL1D,17,L5,6,2,0.2,6,1,1,0
AL1D,19,L5,6,4,0.6,4,0.6,1,0
AL1D,2,L5,5,3,0.5,5,1,1,0
AL1D,20,L5,5,5,1,3,0.5,1,0
AL1D,21,L5,5,5,1,5,1,5,1
AL1D,23,L5,6,6,1,6,1,3,0.4
AL1D,3,L5,5,5,1,5,1,5,1
AL1D,4,L5,6,4,0.6,3,0.4,1,0
AL1D,6,L5,6,3,0.4,3,0.4,1,0
AL1D,7,L5,5,2,0.25,1,0,1,0
AL1D,9,L5,5,1,0,4,0.75,2,0.25
Max,10,L1-Functional,3,3,1,3,1,2,0.5
Max,11,L1-Functional,4,4,1,4,1,1,0
Max,14,L1-Functional,4,4,1,4,1,2,0.333333333
Max,15,L1-Functional,3,3,1,3,1,1,0
Max,16,L1-Functional,4,1,0,4,1,3,0.666666667
Max,19,L1-Functional,3,3,1,3,1,1,0
Max,21,L1-Functional,4,4,1,4,1,4,1
Max,22,L1-Functional,3,3,1,3,1,1,0
Max,23,L1-Functional,4,1,0,4,1,3,0.666666667
Max,24,L1-Functional,3,3,1,3,1,2,0.5
Max,25,L1-Functional,3,3,1,3,1,3,1
Max,3,L1-Functional,4,1,0,4,1,4,1
Max,4,L1-Functional,3,3,1,3,1,3,1
Max,5,L1-Functional,3,3,1,3,1,1,0
Max,6,L1-Functional,3,3,1,3,1,3,1
Max,7,L1-Functional,4,4,1,4,1,1,0
Max,8,L1-Functional,4,4,1,4,1,3,0.666666667
Max,10,L1-Functional+Metamorphic,3,3,1,3,1,2,0.5
Max,11,L1-Functional+Metamorphic,4,4,1,4,1,4,1
Max,14,L1-Functional+Metamorphic,4,4,1,4,1,2,0.333333333
Max,15,L1-Functional+Metamorphic,3,3,1,3,1,2,0.5
Max,16,L1-Functional+Metamorphic,4,1,0,4,1,3,0.666666667
Max,19,L1-Functional+Metamorphic,3,3,1,3,1,1,0
Max,21,L1-Functional+Metamorphic,4,4,1,4,1,1,0
Max,22,L1-Functional+Metamorphic,3,3,1,3,1,1,0
Max,23,L1-Functional+Metamorphic,4,1,0,4,1,3,0.666666667
Max,24,L1-Functional+Metamorphic,3,3,1,3,1,2,0.5
Max,25,L1-Functional+Metamorphic,3,3,1,3,1,3,1
Max,3,L1-Functional+Metamorphic,4,1,0,4,1,4,1
Max,4,L1-Functional+Metamorphic,3,3,1,3,1,3,1
Max,5,L1-Functional+Metamorphic,3,3,1,3,1,1,0
Max,6,L1-Functional+Metamorphic,3,3,1,3,1,3,1
Max,7,L1-Functional+Metamorphic,4,4,1,4,1,1,0
Max,8,L1-Functional+Metamorphic,4,4,1,4,1,3,0.666666667
Max,10,L1-Invariant,3,3,1,3,1,1,0
Max,11,L1-Invariant,4,4,1,4,1,1,0
Max,14,L1-Invariant,4,4,1,4,1,1,0
Max,15,L1-Invariant,3,3,1,3,1,1,0
Max,16,L1-Invariant,4,1,0,4,1,1,0
Max,19,L1-Invariant,3,3,1,3,1,1,0
Max,21,L1-Invariant,4,4,1,4,1,1,0
Max,22,L1-Invariant,3,3,1,3,1,1,0
Max,23,L1-Invariant,4,1,0,4,1,1,0
Max,24,L1-Invariant,3,3,1,3,1,1,0
Max,25,L1-Invariant,3,3,1,3,1,1,0
Max,3,L1-Invariant,4,4,1,4,1,1,0
Max,4,L1-Invariant,3,3,1,3,1,3,1
Max,5,L1-Invariant,3,3,1,3,1,1,0
Max,6,L1-Invariant,3,3,1,3,1,3,1
Max,7,L1-Invariant,4,4,1,4,1,1,0
Max,8,L1-Invariant,4,4,1,4,1,1,0
Max,10,L1-Metamorphic,3,3,1,3,1,1,0
Max,11,L1-Metamorphic,4,4,1,4,1,4,1
Max,14,L1-Metamorphic,4,4,1,4,1,4,1
Max,15,L1-Metamorphic,3,3,1,3,1,2,0.5
Max,16,L1-Metamorphic,4,1,0,4,1,2,0.333333333
Max,19,L1-Metamorphic,3,3,1,3,1,1,0
Max,21,L1-Metamorphic,4,4,1,4,1,1,0
Max,22,L1-Metamorphic,3,3,1,3,1,1,0
Max,23,L1-Metamorphic,4,4,1,4,1,4,1
Max,24,L1-Metamorphic,3,3,1,3,1,1,0
Max,25,L1-Metamorphic,3,3,1,3,1,3,1
Max,3,L1-Metamorphic,4,4,1,4,1,4,1
Max,4,L1-Metamorphic,3,3,1,3,1,3,1
Max,5,L1-Metamorphic,3,3,1,3,1,1,0
Max,6,L1-Metamorphic,3,3,1,3,1,3,1
Max,7,L1-Metamorphic,4,4,1,4,1,1,0
Max,8,L1-Metamorphic,4,4,1,4,1,4,1
Max,10,L1,3,3,1,3,1,1,0
Max,11,L1,4,4,1,4,1,1,0
Max,14,L1,4,4,1,4,1,1,0
Max,15,L1,3,3,1,3,1,1,0
Max,16,L1,4,1,0,4,1,2,0.333333333
Max,19,L1,3,3,1,3,1,1,0
Max,21,L1,4,4,1,4,1,1,0
Max,22,L1,3,3,1,3,1,1,0
Max,23,L1,4,1,0,4,1,3,0.666666667
Max,24,L1,3,3,1,3,1,1,0
Max,25,L1,3,3,1,3,1,1,0
Max,3,L1,4,1,0,4,1,1,0
Max,4,L1,3,3,1,3,1,3,1
Max,5,L1,3,3,1,3,1,1,0
Max,6,L1,3,3,1,3,1,3,1
Max,7,L1,4,4,1,4,1,1,0
Max,8,L1,4,4,1,4,1,1,0
Max,10,L2-Functional,3,3,1,3,1,2,0.5
Max,11,L2-Functional,4,4,1,4,1,1,0
Max,14,L2-Functional,4,4,1,4,1,2,0.333333333
Max,15,L2-Functional,3,3,1,3,1,1,0
Max,16,L2-Functional,4,1,0,4,1,3,0.666666667
Max,19,L2-Functional,3,3,1,3,1,1,0
Max,21,L2-Functional,4,4,1,4,1,4,1
Max,22,L2-Functional,3,3,1,3,1,1,0
Max,23,L2-Functional,4,1,0,4,1,3,0.666666667
Max,24,L2-Functional,3,3,1,3,1,2,0.5
Max,25,L2-Functional,3,3,1,3,1,3,1
Max,3,L2-Functional,4,1,0,4,1,4,1
Max,4,L2-Functional,3,3,1,3,1,3,1
Max,5,L2-Functional,3,3,1,3,1,1,0
Max,6,L2-Functional,3,3,1,3,1,3,1
Max,7,L2-Functional,4,4,1,4,1,1,0
Max,8,L2-Functional,4,4,1,4,1,3,0.666666667
Max,10,L2-Functional+Metamorphic,3,3,1,3,1,2,0.5
Max,11,L2-Functional+Metamorphic,4,4,1,4,1,4,1
Max,14,L2-Functional+Metamorphic,4,4,1,4,1,2,0.333333333
Max,15,L2-Functional+Metamorphic,3,3,1,3,1,2,0.5
Max,16,L2-Functional+Metamorphic,4,1,0,4,1,3,0.666666667
Max,19,L2-Functional+Metamorphic,3,3,1,3,1,1,0
Max,21,L2-Functional+Metamorphic,4,4,1,4,1,1,0
Max,22,L2-Functional+Metamorphic,3,3,1,3,1,1,0
Max,23,L2-Functional+Metamorphic,4,1,0,4,1,3,0.666666667
Max,24,L2-Functional+Metamorphic,3,3,1,3,1,2,0.5
Max,25,L2-Functional+Metamorphic,3,3,1,3,1,3,1
Max,3,L2-Functional+Metamorphic,4,1,0,4,1,4,1
Max,4,L2-Functional+Metamorphic,3,3,1,3,1,3,1
Max,5,L2-Functional+Metamorphic,3,3,1,3,1,1,0
Max,6,L2-Functional+Metamorphic,3,3,1,3,1,3,1
Max,7,L2-Functional+Metamorphic,4,4,1,4,1,1,0
Max,8,L2-Functional+Metamorphic,4,4,1,4,1,3,0.666666667
Max,10,L2-Invariant,3,3,1,3,1,1,0
Max,11,L2-Invariant,4,4,1,4,1,1,0
Max,14,L2-Invariant,4,4,1,4,1,1,0
Max,15,L2-Invariant,3,3,1,3,1,1,0
Max,16,L2-Invariant,4,1,0,4,1,1,0
Max,19,L2-Invariant,3,3,1,3,1,1,0
Max,21,L2-Invariant,4,4,1,4,1,1,0
Max,22,L2-Invariant,3,3,1,3,1,1,0
Max,23,L2-Invariant,4,1,0,4,1,1,0
Max,24,L2-Invariant,3,3,1,3,1,1,0
Max,25,L2-Invariant,3,3,1,3,1,1,0
Max,3,L2-Invariant,4,4,1,4,1,1,0
Max,4,L2-Invariant,3,3,1,3,1,3,1
Max,5,L2-Invariant,3,3,1,3,1,1,0
Max,6,L2-Invariant,3,3,1,3,1,3,1
Max,7,L2-Invariant,4,4,1,4,1,1,0
Max,8,L2-Invariant,4,4,1,4,1,1,0
Max,10,L2-Metamorphic,3,3,1,3,1,1,0
Max,11,L2-Metamorphic,4,4,1,4,1,4,1
Max,14,L2-Metamorphic,4,4,1,4,1,4,1
Max,15,L2-Metamorphic,3,3,1,3,1,2,0.5
Max,16,L2-Metamorphic,4,1,0,4,1,2,0.333333333
Max,19,L2-Metamorphic,3,3,1,3,1,1,0
Max,21,L2-Metamorphic,4,4,1,4,1,1,0
Max,22,L2-Metamorphic,3,3,1,3,1,1,0
Max,23,L2-Metamorphic,4,4,1,4,1,4,1
Max,24,L2-Metamorphic,3,3,1,3,1,1,0
Max,25,L2-Metamorphic,3,3,1,3,1,3,1
Max,3,L2-Metamorphic,4,4,1,4,1,4,1
Max,4,L2-Metamorphic,3,3,1,3,1,3,1
Max,5,L2-Metamorphic,3,3,1,3,1,1,0
Max,6,L2-Metamorphic,3,3,1,3,1,3,1
Max,7,L2-Metamorphic,4,4,1,4,1,1,0
Max,8,L2-Metamorphic,4,4,1,4,1,4,1
Max,10,L2,3,3,1,3,1,1,0
Max,11,L2,4,4,1,4,1,1,0
Max,14,L2,4,4,1,4,1,1,0
Max,15,L2,3,3,1,3,1,1,0
Max,16,L2,4,1,0,4,1,2,0.333333333
Max,19,L2,3,3,1,3,1,1,0
Max,21,L2,4,4,1,4,1,1,0
Max,22,L2,3,3,1,3,1,1,0
Max,23,L2,4,1,0,4,1,3,0.666666667
Max,24,L2,3,3,1,3,1,1,0
Max,25,L2,3,3,1,3,1,1,0
Max,3,L2,4,1,0,4,1,1,0
Max,4,L2,3,3,1,3,1,3,1
Max,5,L2,3,3,1,3,1,1,0
Max,6,L2,3,3,1,3,1,3,1
Max,7,L2,4,4,1,4,1,1,0
Max,8,L2,4,4,1,4,1,1,0
Max,10,L3-Functional,3,3,1,3,1,2,0.5
Max,11,L3-Functional,4,4,1,4,1,1,0
Max,14,L3-Functional,4,4,1,4,1,2,0.333333333
Max,15,L3-Functional,3,3,1,3,1,1,0
Max,16,L3-Functional,4,1,0,4,1,3,0.666666667
Max,19,L3-Functional,3,3,1,3,1,1,0
Max,21,L3-Functional,4,4,1,4,1,4,1
Max,22,L3-Functional,3,3,1,3,1,1,0
Max,23,L3-Functional,4,1,0,4,1,3,0.666666667
Max,24,L3-Functional,3,3,1,3,1,2,0.5
Max,25,L3-Functional,3,3,1,3,1,3,1
Max,3,L3-Functional,4,1,0,4,1,4,1
Max,4,L3-Functional,3,3,1,3,1,3,1
Max,5,L3-Functional,3,3,1,3,1,1,0
Max,6,L3-Functional,3,3,1,3,1,3,1
Max,7,L3-Functional,4,4,1,4,1,1,0
Max,8,L3-Functional,4,4,1,4,1,3,0.666666667
Max,10,L3-Functional+Metamorphic,3,3,1,3,1,2,0.5
Max,11,L3-Functional+Metamorphic,4,4,1,4,1,4,1
Max,14,L3-Functional+Metamorphic,4,4,1,4,1,2,0.333333333
Max,15,L3-Functional+Metamorphic,3,3,1,3,1,2,0.5
Max,16,L3-Functional+Metamorphic,4,1,0,4,1,3,0.666666667
Max,19,L3-Functional+Metamorphic,3,3,1,3,1,1,0
Max,21,L3-Functional+Metamorphic,4,4,1,4,1,1,0
Max,22,L3-Functional+Metamorphic,3,3,1,3,1,1,0
Max,23,L3-Functional+Metamorphic,4,1,0,4,1,3,0.666666667
Max,24,L3-Functional+Metamorphic,3,3,1,3,1,2,0.5
Max,25,L3-Functional+Metamorphic,3,3,1,3,1,3,1
Max,3,L3-Functional+Metamorphic,4,1,0,4,1,4,1
Max,4,L3-Functional+Metamorphic,3,3,1,3,1,3,1
Max,5,L3-Functional+Metamorphic,3,3,1,3,1,1,0
Max,6,L3-Functional+Metamorphic,3,3,1,3,1,3,1
Max,7,L3-Functional+Metamorphic,4,4,1,4,1,1,0
Max,8,L3-Functional+Metamorphic,4,4,1,4,1,3,0.666666667
Max,10,L3-Invariant,3,3,1,3,1,1,0
Max,11,L3-Invariant,4,4,1,4,1,1,0
Max,14,L3-Invariant,4,4,1,4,1,1,0
Max,15,L3-Invariant,3,3,1,3,1,1,0
Max,16,L3-Invariant,4,1,0,4,1,1,0
Max,19,L3-Invariant,3,3,1,3,1,1,0
Max,21,L3-Invariant,4,4,1,4,1,1,0
Max,22,L3-Invariant,3,3,1,3,1,1,0
Max,23,L3-Invariant,4,1,0,4,1,1,0
Max,24,L3-Invariant,3,3,1,3,1,1,0
Max,25,L3-Invariant,3,3,1,3,1,1,0
Max,3,L3-Invariant,4,4,1,4,1,1,0
Max,4,L3-Invariant,3,3,1,3,1,3,1
Max,5,L3-Invariant,3,3,1,3,1,1,0
Max,6,L3-Invariant,3,3,1,3,1,3,1
Max,7,L3-Invariant,4,4,1,4,1,1,0
Max,8,L3-Invariant,4,4,1,4,1,1,0
Max,10,L3-Metamorphic,3,3,1,3,1,1,0
Max,11,L3-Metamorphic,4,4,1,4,1,4,1
Max,14,L3-Metamorphic,4,4,1,4,1,4,1
Max,15,L3-Metamorphic,3,3,1,3,1,2,0.5
Max,16,L3-Metamorphic,4,1,0,4,1,2,0.333333333
Max,19,L3-Metamorphic,3,3,1,3,1,1,0
Max,21,L3-Metamorphic,4,4,1,4,1,1,0
Max,22,L3-Metamorphic,3,3,1,3,1,1,0
Max,23,L3-Metamorphic,4,4,1,4,1,4,1
Max,24,L3-Metamorphic,3,3,1,3,1,1,0
Max,25,L3-Metamorphic,3,3,1,3,1,3,1
Max,3,L3-Metamorphic,4,4,1,4,1,4,1
Max,4,L3-Metamorphic,3,3,1,3,1,3,1
Max,5,L3-Metamorphic,3,3,1,3,1,1,0
Max,6,L3-Metamorphic,3,3,1,3,1,3,1
Max,7,L3-Metamorphic,4,4,1,4,1,1,0
Max,8,L3-Metamorphic,4,4,1,4,1,4,1
Max,10,L3,3,3,1,3,1,1,0
Max,11,L3,4,4,1,4,1,1,0
Max,14,L3,4,4,1,4,1,1,0
Max,15,L3,3,3,1,3,1,1,0
Max,16,L3,4,1,0,4,1,2,0.333333333
Max,19,L3,3,3,1,3,1,1,0
Max,21,L3,4,4,1,4,1,1,0
Max,22,L3,3,3,1,3,1,1,0
Max,23,L3,4,1,0,4,1,3,0.666666667
Max,24,L3,3,3,1,3,1,1,0
Max,25,L3,3,3,1,3,1,1,0
Max,3,L3,4,1,0,4,1,1,0
Max,4,L3,3,3,1,3,1,3,1
Max,5,L3,3,3,1,3,1,1,0
Max,6,L3,3,3,1,3,1,3,1
Max,7,L3,4,4,1,4,1,1,0
Max,8,L3,4,4,1,4,1,1,0
Max,10,L4-Functional,3,3,1,3,1,2,0.5
Max,11,L4-Functional,4,4,1,4,1,1,0
Max,14,L4-Functional,4,4,1,4,1,2,0.333333333
Max,15,L4-Functional,3,3,1,3,1,1,0
Max,16,L4-Functional,4,1,0,4,1,3,0.666666667
Max,19,L4-Functional,3,3,1,3,1,1,0
Max,21,L4-Functional,4,4,1,4,1,4,1
Max,22,L4-Functional,3,3,1,3,1,1,0
Max,23,L4-Functional,4,1,0,4,1,3,0.666666667
Max,24,L4-Functional,3,3,1,3,1,2,0.5
Max,25,L4-Functional,3,3,1,3,1,3,1
Max,3,L4-Functional,4,1,0,4,1,4,1
Max,4,L4-Functional,3,3,1,3,1,3,1
Max,5,L4-Functional,3,3,1,3,1,1,0
Max,6,L4-Functional,3,3,1,3,1,3,1
Max,7,L4-Functional,4,4,1,4,1,1,0
Max,8,L4-Functional,4,4,1,4,1,3,0.666666667
Max,10,L4-Functional+Metamorphic,3,3,1,3,1,2,0.5
Max,11,L4-Functional+Metamorphic,4,4,1,4,1,4,1
Max,14,L4-Functional+Metamorphic,4,4,1,4,1,2,0.333333333
Max,15,L4-Functional+Metamorphic,3,3,1,3,1,2,0.5
Max,16,L4-Functional+Metamorphic,4,1,0,4,1,3,0.666666667
Max,19,L4-Functional+Metamorphic,3,3,1,3,1,1,0
Max,21,L4-Functional+Metamorphic,4,4,1,4,1,1,0
Max,22,L4-Functional+Metamorphic,3,3,1,3,1,1,0
Max,23,L4-Functional+Metamorphic,4,1,0,4,1,3,0.666666667
Max,24,L4-Functional+Metamorphic,3,3,1,3,1,2,0.5
Max,25,L4-Functional+Metamorphic,3,3,1,3,1,3,1
Max,3,L4-Functional+Metamorphic,4,1,0,4,1,4,1
Max,4,L4-Functional+Metamorphic,3,3,1,3,1,3,1
Max,5,L4-Functional+Metamorphic,3,3,1,3,1,1,0
Max,6,L4-Functional+Metamorphic,3,3,1,3,1,3,1
Max,7,L4-Functional+Metamorphic,4,4,1,4,1,1,0
Max,8,L4-Functional+Metamorphic,4,4,1,4,1,3,0.666666667
Max,10,L4-Invariant,3,3,1,3,1,1,0
Max,11,L4-Invariant,4,4,1,4,1,1,0
Max,14,L4-Invariant,4,4,1,4,1,1,0
Max,15,L4-Invariant,3,3,1,3,1,1,0
Max,16,L4-Invariant,4,1,0,4,1,1,0
Max,19,L4-Invariant,3,3,1,3,1,1,0
Max,21,L4-Invariant,4,4,1,4,1,1,0
Max,22,L4-Invariant,3,3,1,3,1,1,0
Max,23,L4-Invariant,4,1,0,4,1,1,0
Max,24,L4-Invariant,3,3,1,3,1,1,0
Max,25,L4-Invariant,3,3,1,3,1,1,0
Max,3,L4-Invariant,4,4,1,4,1,1,0
Max,4,L4-Invariant,3,3,1,3,1,3,1
Max,5,L4-Invariant,3,3,1,3,1,1,0
Max,6,L4-Invariant,3,3,1,3,1,3,1
Max,7,L4-Invariant,4,4,1,4,1,1,0
Max,8,L4-Invariant,4,4,1,4,1,1,0
Max,10,L4-Metamorphic,3,3,1,3,1,1,0
Max,11,L4-Metamorphic,4,4,1,4,1,4,1
Max,14,L4-Metamorphic,4,4,1,4,1,4,1
Max,15,L4-Metamorphic,3,3,1,3,1,2,0.5
Max,16,L4-Metamorphic,4,1,0,4,1,2,0.333333333
Max,19,L4-Metamorphic,3,3,1,3,1,1,0
Max,21,L4-Metamorphic,4,4,1,4,1,1,0
Max,22,L4-Metamorphic,3,3,1,3,1,1,0
Max,23,L4-Metamorphic,4,4,1,4,1,4,1
Max,24,L4-Metamorphic,3,3,1,3,1,1,0
Max,25,L4-Metamorphic,3,3,1,3,1,3,1
Max,3,L4-Metamorphic,4,4,1,4,1,4,1
Max,4,L4-Metamorphic,3,3,1,3,1,3,1
Max,5,L4-Metamorphic,3,3,1,3,1,1,0
Max,6,L4-Metamorphic,3,3,1,3,1,3,1
Max,7,L4-Metamorphic,4,4,1,4,1,1,0
Max,8,L4-Metamorphic,4,4,1,4,1,4,1
Max,10,L4,3,3,1,3,1,1,0
Max,11,L4,4,4,1,4,1,1,0
Max,14,L4,4,4,1,4,1,1,0
Max,15,L4,3,3,1,3,1,1,0
Max,16,L4,4,1,0,4,1,2,0.333333333
Max,19,L4,3,3,1,3,1,1,0
Max,21,L4,4,4,1,4,1,1,0
Max,22,L4,3,3,1,3,1,1,0
Max,23,L4,4,1,0,4,1,3,0.666666667
Max,24,L4,3,3,1,3,1,1,0
Max,25,L4,3,3,1,3,1,1,0
Max,3,L4,4,1,0,4,1,1,0
Max,4,L4,3,3,1,3,1,3,1
Max,5,L4,3,3,1,3,1,1,0
Max,6,L4,3,3,1,3,1,3,1
Max,7,L4,4,4,1,4,1,1,0
Max,8,L4,4,4,1,4,1,1,0
Max,10,L5-Functional,3,3,1,3,1,2,0.5
Max,11,L5-Functional,4,4,1,4,1,1,0
Max,14,L5-Functional,4,4,1,4,1,2,0.333333333
Max,15,L5-Functional,3,3,1,3,1,1,0
Max,16,L5-Functional,4,1,0,4,1,3,0.666666667
Max,19,L5-Functional,3,3,1,3,1,1,0
Max,21,L5-Functional,4,4,1,4,1,4,1
Max,22,L5-Functional,3,3,1,3,1,1,0
Max,23,L5-Functional,4,1,0,4,1,3,0.666666667
Max,24,L5-Functional,3,3,1,3,1,2,0.5
Max,25,L5-Functional,3,3,1,3,1,3,1
Max,3,L5-Functional,4,1,0,4,1,4,1
Max,4,L5-Functional,3,3,1,3,1,3,1
Max,5,L5-Functional,3,3,1,3,1,1,0
Max,6,L5-Functional,3,3,1,3,1,3,1
Max,7,L5-Functional,4,4,1,4,1,1,0
Max,8,L5-Functional,4,4,1,4,1,3,0.666666667
Max,10,L5-Functional+Metamorphic,3,3,1,3,1,2,0.5
Max,11,L5-Functional+Metamorphic,4,4,1,4,1,4,1
Max,14,L5-Functional+Metamorphic,4,4,1,4,1,2,0.333333333
Max,15,L5-Functional+Metamorphic,3,3,1,3,1,2,0.5
Max,16,L5-Functional+Metamorphic,4,1,0,4,1,3,0.666666667
Max,19,L5-Functional+Metamorphic,3,3,1,3,1,1,0
Max,21,L5-Functional+Metamorphic,4,4,1,4,1,1,0
Max,22,L5-Functional+Metamorphic,3,3,1,3,1,1,0
Max,23,L5-Functional+Metamorphic,4,1,0,4,1,3,0.666666667
Max,24,L5-Functional+Metamorphic,3,3,1,3,1,2,0.5
Max,25,L5-Functional+Metamorphic,3,3,1,3,1,3,1
Max,3,L5-Functional+Metamorphic,4,1,0,4,1,4,1
Max,4,L5-Functional+Metamorphic,3,3,1,3,1,3,1
Max,5,L5-Functional+Metamorphic,3,3,1,3,1,1,0
Max,6,L5-Functional+Metamorphic,3,3,1,3,1,3,1
Max,7,L5-Functional+Metamorphic,4,4,1,4,1,1,0
Max,8,L5-Functional+Metamorphic,4,4,1,4,1,3,0.666666667
Max,10,L5-Invariant,3,3,1,3,1,1,0
Max,11,L5-Invariant,4,4,1,4,1,1,0
Max,14,L5-Invariant,4,4,1,4,1,1,0
Max,15,L5-Invariant,3,3,1,3,1,1,0
Max,16,L5-Invariant,4,1,0,4,1,1,0
Max,19,L5-Invariant,3,3,1,3,1,1,0
Max,21,L5-Invariant,4,4,1,4,1,1,0
Max,22,L5-Invariant,3,3,1,3,1,1,0
Max,23,L5-Invariant,4,1,0,4,1,1,0
Max,24,L5-Invariant,3,3,1,3,1,1,0
Max,25,L5-Invariant,3,3,1,3,1,1,0
Max,3,L5-Invariant,4,4,1,4,1,1,0
Max,4,L5-Invariant,3,3,1,3,1,3,1
Max,5,L5-Invariant,3,3,1,3,1,1,0
Max,6,L5-Invariant,3,3,1,3,1,3,1
Max,7,L5-Invariant,4,4,1,4,1,1,0
Max,8,L5-Invariant,4,4,1,4,1,1,0
Max,10,L5-Metamorphic,3,3,1,3,1,1,0
Max,11,L5-Metamorphic,4,4,1,4,1,4,1
Max,14,L5-Metamorphic,4,4,1,4,1,4,1
Max,15,L5-Metamorphic,3,3,1,3,1,2,0.5
Max,16,L5-Metamorphic,4,1,0,4,1,2,0.333333333
Max,19,L5-Metamorphic,3,3,1,3,1,1,0
Max,21,L5-Metamorphic,4,4,1,4,1,1,0
Max,22,L5-Metamorphic,3,3,1,3,1,1,0
Max,23,L5-Metamorphic,4,4,1,4,1,4,1
Max,24,L5-Metamorphic,3,3,1,3,1,1,0
Max,25,L5-Metamorphic,3,3,1,3,1,3,1
Max,3,L5-Metamorphic,4,4,1,4,1,4,1
Max,4,L5-Metamorphic,3,3,1,3,1,3,1
Max,5,L5-Metamorphic,3,3,1,3,1,1,0
Max,6,L5-Metamorphic,3,3,1,3,1,3,1
Max,7,L5-Metamorphic,4,4,1,4,1,1,0
Max,8,L5-Metamorphic,4,4,1,4,1,4,1
Max,10,L5,3,3,1,3,1,1,0
Max,11,L5,4,4,1,4,1,1,0
Max,14,L5,4,4,1,4,1,1,0
Max,15,L5,3,3,1,3,1,1,0
Max,16,L5,4,1,0,4,1,2,0.333333333
Max,19,L5,3,3,1,3,1,1,0
Max,21,L5,4,4,1,4,1,1,0
Max,22,L5,3,3,1,3,1,1,0
Max,23,L5,4,1,0,4,1,3,0.666666667
Max,24,L5,3,3,1,3,1,1,0
Max,25,L5,3,3,1,3,1,1,0
Max,3,L5,4,1,0,4,1,1,0
Max,4,L5,3,3,1,3,1,3,1
Max,5,L5,3,3,1,3,1,1,0
Max,6,L5,3,3,1,3,1,3,1
Max,7,L5,4,4,1,4,1,1,0
Max,8,L5,4,4,1,4,1,1,0
AM1,10,L1-Functional,5,1,0,5,1,5,1
AM1,11,L1-Functional,5,1,0,5,1,5,1
AM1,13,L1-Functional,4,4,1,4,1,4,1
AM1,16,L1-Functional,5,1,0,5,1,5,1
AM1,17,L1-Functional,4,4,1,4,1,4,1
AM1,18,L1-Functional,4,4,1,4,1,4,1
AM1,20,L1-Functional,5,4,0.75,5,1,5,1
AM1,22,L1-Functional,5,4,0.75,5,1,5,1
AM1,23,L1-Functional,5,4,0.75,5,1,5,1
AM1,4,L1-Functional,4,1,0,4,1,4,1
AM1,7,L1-Functional,4,4,1,4,1,4,1
AM1,8,L1-Functional,5,4,0.75,5,1,5,1
AM1,10,L1-Invariant,5,5,1,5,1,1,0
AM1,11,L1-Invariant,5,5,1,5,1,1,0
AM1,13,L1-Invariant,4,4,1,4,1,1,0
AM1,16,L1-Invariant,5,1,0,5,1,1,0
AM1,17,L1-Invariant,4,4,1,4,1,1,0
AM1,18,L1-Invariant,4,4,1,4,1,1,0
AM1,20,L1-Invariant,5,5,1,5,1,1,0
AM1,22,L1-Invariant,5,5,1,5,1,1,0
AM1,23,L1-Invariant,5,5,1,5,1,1,0
AM1,4,L1-Invariant,4,1,0,4,1,1,0
AM1,7,L1-Invariant,4,4,1,4,1,1,0
AM1,8,L1-Invariant,5,5,1,5,1,1,0
AM1,10,L1,5,1,0,5,1,1,0
AM1,11,L1,5,1,0,5,1,1,0
AM1,13,L1,4,4,1,4,1,1,0
AM1,16,L1,5,1,0,5,1,1,0
AM1,17,L1,4,4,1,4,1,1,0
AM1,18,L1,4,4,1,4,1,1,0
AM1,20,L1,5,4,0.75,5,1,1,0
AM1,22,L1,5,4,0.75,5,1,1,0
AM1,23,L1,5,4,0.75,5,1,1,0
AM1,4,L1,4,1,0,4,1,1,0
AM1,7,L1,4,4,1,4,1,1,0
AM1,8,L1,5,4,0.75,5,1,1,0
AM1,10,L2-Functional,5,1,0,5,1,5,1
AM1,11,L2-Functional,5,1,0,5,1,5,1
AM1,13,L2-Functional,4,4,1,4,1,4,1
AM1,16,L2-Functional,5,1,0,5,1,5,1
AM1,17,L2-Functional,4,4,1,4,1,4,1
AM1,18,L2-Functional,4,4,1,4,1,4,1
AM1,20,L2-Functional,5,4,0.75,5,1,5,1
AM1,22,L2-Functional,5,4,0.75,5,1,5,1
AM1,23,L2-Functional,5,4,0.75,5,1,5,1
AM1,4,L2-Functional,4,1,0,4,1,4,1
AM1,7,L2-Functional,4,4,1,4,1,4,1
AM1,8,L2-Functional,5,4,0.75,5,1,5,1
AM1,10,L2-Invariant,5,5,1,5,1,1,0
AM1,11,L2-Invariant,5,5,1,5,1,1,0
AM1,13,L2-Invariant,4,4,1,4,1,1,0
AM1,16,L2-Invariant,5,1,0,5,1,1,0
AM1,17,L2-Invariant,4,4,1,4,1,1,0
AM1,18,L2-Invariant,4,4,1,4,1,1,0
AM1,20,L2-Invariant,5,5,1,5,1,1,0
AM1,22,L2-Invariant,5,5,1,5,1,1,0
AM1,23,L2-Invariant,5,5,1,5,1,1,0
AM1,4,L2-Invariant,4,1,0,4,1,1,0
AM1,7,L2-Invariant,4,4,1,4,1,1,0
AM1,8,L2-Invariant,5,5,1,5,1,1,0
AM1,10,L2,5,1,0,5,1,1,0
AM1,11,L2,5,1,0,5,1,1,0
AM1,13,L2,4,4,1,4,1,1,0
AM1,16,L2,5,1,0,5,1,1,0
AM1,17,L2,4,4,1,4,1,1,0
AM1,18,L2,4,4,1,4,1,1,0
AM1,20,L2,5,4,0.75,5,1,1,0
AM1,22,L2,5,4,0.75,5,1,1,0
AM1,23,L2,5,4,0.75,5,1,1,0
AM1,4,L2,4,1,0,4,1,1,0
AM1,7,L2,4,4,1,4,1,1,0
AM1,8,L2,5,4,0.75,5,1,1,0
AM1,10,L3-Functional,5,1,0,5,1,5,1
AM1,11,L3-Functional,5,1,0,5,1,5,1
AM1,13,L3-Functional,4,4,1,4,1,4,1
AM1,16,L3-Functional,5,1,0,5,1,5,1
AM1,17,L3-Functional,4,4,1,4,1,4,1
AM1,18,L3-Functional,4,4,1,4,1,4,1
AM1,20,L3-Functional,5,4,0.75,5,1,5,1
AM1,22,L3-Functional,5,4,0.75,5,1,5,1
AM1,23,L3-Functional,5,4,0.75,5,1,5,1
AM1,4,L3-Functional,4,1,0,4,1,4,1
AM1,7,L3-Functional,4,4,1,4,1,4,1
AM1,8,L3-Functional,5,4,0.75,5,1,5,1
AM1,10,L3-Invariant,5,5,1,5,1,1,0
AM1,11,L3-Invariant,5,5,1,5,1,1,0
AM1,13,L3-Invariant,4,4,1,4,1,1,0
AM1,16,L3-Invariant,5,1,0,5,1,1,0
AM1,17,L3-Invariant,4,4,1,4,1,1,0
AM1,18,L3-Invariant,4,4,1,4,1,1,0
AM1,20,L3-Invariant,5,5,1,5,1,1,0
AM1,22,L3-Invariant,5,5,1,5,1,1,0
AM1,23,L3-Invariant,5,5,1,5,1,1,0
AM1,4,L3-Invariant,4,1,0,4,1,1,0
AM1,7,L3-Invariant,4,4,1,4,1,1,0
AM1,8,L3-Invariant,5,5,1,5,1,1,0
AM1,10,L3,5,1,0,5,1,1,0
AM1,11,L3,5,1,0,5,1,1,0
AM1,13,L3,4,4,1,4,1,1,0
AM1,16,L3,5,1,0,5,1,1,0
AM1,17,L3,4,4,1,4,1,1,0
AM1,18,L3,4,4,1,4,1,1,0
AM1,20,L3,5,4,0.75,5,1,1,0
AM1,22,L3,5,4,0.75,5,1,1,0
AM1,23,L3,5,4,0.75,5,1,1,0
AM1,4,L3,4,1,0,4,1,1,0
AM1,7,L3,4,4,1,4,1,1,0
AM1,8,L3,5,4,0.75,5,1,1,0
AM1,10,L4-Functional,5,1,0,5,1,5,1
AM1,11,L4-Functional,5,1,0,5,1,5,1
AM1,13,L4-Functional,4,4,1,4,1,4,1
AM1,16,L4-Functional,5,1,0,5,1,5,1
AM1,17,L4-Functional,4,4,1,4,1,4,1
AM1,18,L4-Functional,4,4,1,4,1,4,1
AM1,20,L4-Functional,5,4,0.75,5,1,5,1
AM1,22,L4-Functional,5,4,0.75,5,1,5,1
AM1,23,L4-Functional,5,4,0.75,5,1,5,1
AM1,4,L4-Functional,4,1,0,4,1,4,1
AM1,7,L4-Functional,4,4,1,4,1,4,1
AM1,8,L4-Functional,5,4,0.75,5,1,5,1
AM1,10,L4-Invariant,5,5,1,5,1,1,0
AM1,11,L4-Invariant,5,5,1,5,1,1,0
AM1,13,L4-Invariant,4,4,1,4,1,1,0
AM1,16,L4-Invariant,5,1,0,5,1,1,0
AM1,17,L4-Invariant,4,4,1,4,1,1,0
AM1,18,L4-Invariant,4,4,1,4,1,1,0
AM1,20,L4-Invariant,5,5,1,5,1,1,0
AM1,22,L4-Invariant,5,5,1,5,1,1,0
AM1,23,L4-Invariant,5,5,1,5,1,1,0
AM1,4,L4-Invariant,4,1,0,4,1,1,0
AM1,7,L4-Invariant,4,4,1,4,1,1,0
AM1,8,L4-Invariant,5,5,1,5,1,1,0
AM1,10,L4,5,1,0,5,1,1,0
AM1,11,L4,5,1,0,5,1,1,0
AM1,13,L4,4,4,1,4,1,1,0
AM1,16,L4,5,1,0,5,1,1,0
AM1,17,L4,4,4,1,4,1,1,0
AM1,18,L4,4,4,1,4,1,1,0
AM1,20,L4,5,4,0.75,5,1,1,0
AM1,22,L4,5,4,0.75,5,1,1,0
AM1,23,L4,5,4,0.75,5,1,1,0
AM1,4,L4,4,1,0,4,1,1,0
AM1,7,L4,4,4,1,4,1,1,0
AM1,8,L4,5,4,0.75,5,1,1,0
AM1,10,L5-Functional,5,1,0,5,1,5,1
AM1,11,L5-Functional,5,1,0,5,1,5,1
AM1,13,L5-Functional,4,4,1,4,1,4,1
AM1,16,L5-Functional,5,1,0,5,1,5,1
AM1,17,L5-Functional,4,4,1,4,1,4,1
AM1,18,L5-Functional,4,4,1,4,1,4,1
AM1,20,L5-Functional,5,4,0.75,5,1,5,1
AM1,22,L5-Functional,5,4,0.75,5,1,5,1
AM1,23,L5-Functional,5,4,0.75,5,1,5,1
AM1,4,L5-Functional,4,1,0,4,1,4,1
AM1,7,L5-Functional,4,4,1,4,1,4,1
AM1,8,L5-Functional,5,4,0.75,5,1,5,1
AM1,10,L5-Invariant,5,5,1,5,1,1,0
AM1,11,L5-Invariant,5,5,1,5,1,1,0
AM1,13,L5-Invariant,4,4,1,4,1,1,0
AM1,16,L5-Invariant,5,1,0,5,1,1,0
AM1,17,L5-Invariant,4,4,1,4,1,1,0
AM1,18,L5-Invariant,4,4,1,4,1,1,0
AM1,20,L5-Invariant,5,5,1,5,1,1,0
AM1,22,L5-Invariant,5,5,1,5,1,1,0
AM1,23,L5-Invariant,5,5,1,5,1,1,0
AM1,4,L5-Invariant,4,1,0,4,1,1,0
AM1,7,L5-Invariant,4,4,1,4,1,1,0
AM1,8,L5-Invariant,5,5,1,5,1,1,0
AM1,10,L5,5,1,0,5,1,1,0
AM1,11,L5,5,1,0,5,1,1,0
AM1,13,L5,4,4,1,4,1,1,0
AM1,16,L5,5,1,0,5,1,1,0
AM1,17,L5,4,4,1,4,1,1,0
AM1,18,L5,4,4,1,4,1,1,0
AM1,20,L5,5,4,0.75,5,1,1,0
AM1,22,L5,5,4,0.75,5,1,1,0
AM1,23,L5,5,4,0.75,5,1,1,0
AM1,4,L5,4,1,0,4,1,1,0
AM1,7,L5,4,4,1,4,1,1,0
AM1,8,L5,5,4,0.75,5,1,1,0
Mod,1,L1-Functional,5,4,0.75,5,1,4,0.75
Mod,10,L1-Functional,5,5,1,5,1,3,0.5
Mod,12,L1-Functional,6,4,0.6,6,1,2,0.2
Mod,13,L1-Functional,6,5,0.8,6,1,2,0.2
Mod,14,L1-Functional,5,4,0.75,5,1,5,1
Mod,16,L1-Functional,5,5,1,5,1,5,1
Mod,18,L1-Functional,5,4,0.75,5,1,5,1
Mod,19,L1-Functional,5,4,0.75,5,1,5,1
Mod,20,L1-Functional,6,2,0.2,6,1,2,0.2
Mod,22,L1-Functional,6,1,0,6,1,4,0.6
Mod,23,L1-Functional,5,4,0.75,5,1,5,1
Mod,25,L1-Functional,6,4,0.6,6,1,2,0.2
Mod,4,L1-Functional,6,6,1,6,1,5,0.8
Mod,5,L1-Functional,6,1,0,6,1,4,0.6
Mod,6,L1-Functional,6,6,1,6,1,1,0
Mod,9,L1-Functional,5,1,0,5,1,2,0.25
Mod,1,L1-Functional+Metamorphic,5,4,0.75,5,1,1,0
Mod,10,L1-Functional+Metamorphic,5,1,0,5,1,1,0
Mod,12,L1-Functional+Metamorphic,6,4,0.6,6,1,1,0
Mod,13,L1-Functional+Metamorphic,6,5,0.8,6,1,1,0
Mod,14,L1-Functional+Metamorphic,5,5,1,5,1,1,0
Mod,16,L1-Functional+Metamorphic,5,1,0,5,1,1,0
Mod,18,L1-Functional+Metamorphic,5,3,0.5,5,1,1,0
Mod,19,L1-Functional+Metamorphic,5,5,1,5,1,1,0
Mod,20,L1-Functional+Metamorphic,6,1,0,6,1,1,0
Mod,22,L1-Functional+Metamorphic,6,1,0,6,1,1,0
Mod,23,L1-Functional+Metamorphic,5,3,0.5,5,1,5,1
Mod,25,L1-Functional+Metamorphic,6,4,0.6,6,1,1,0
Mod,4,L1-Functional+Metamorphic,6,1,0,6,1,1,0
Mod,5,L1-Functional+Metamorphic,6,1,0,6,1,1,0
Mod,6,L1-Functional+Metamorphic,6,6,1,6,1,1,0
Mod,9,L1-Functional+Metamorphic,5,1,0,5,1,1,0
Mod,1,L1-Invariant,5,5,1,5,1,1,0
Mod,10,L1-Invariant,5,1,0,5,1,1,0
Mod,12,L1-Invariant,6,6,1,6,1,1,0
Mod,13,L1-Invariant,6,6,1,6,1,1,0
Mod,14,L1-Invariant,5,5,1,5,1,1,0
Mod,16,L1-Invariant,5,1,0,5,1,1,0
Mod,18,L1-Invariant,5,5,1,5,1,1,0
Mod,19,L1-Invariant,5,5,1,5,1,1,0
Mod,20,L1-Invariant,6,1,0,6,1,1,0
Mod,22,L1-Invariant,6,2,0.2,6,1,1,0
Mod,23,L1-Invariant,5,3,0.5,5,1,5,1
Mod,25,L1-Invariant,6,6,1,6,1,1,0
Mod,4,L1-Invariant,6,1,0,6,1,1,0
Mod,5,L1-Invariant,6,6,1,6,1,1,0
Mod,6,L1-Invariant,6,6,1,6,1,1,0
Mod,9,L1-Invariant,5,1,0,5,1,1,0
Mod,1,L1,5,4,0.75,5,1,1,0
Mod,10,L1,5,1,0,5,1,1,0
Mod,12,L1,6,4,0.6,6,1,1,0
Mod,13,L1,6,5,0.8,6,1,1,0
Mod,14,L1,5,5,1,5,1,1,0
Mod,16,L1,5,1,0,5,1,1,0
Mod,18,L1,5,3,0.5,5,1,1,0
Mod,19,L1,5,5,1,5,1,1,0
Mod,20,L1,6,1,0,6,1,1,0
Mod,22,L1,6,1,0,6,1,1,0
Mod,23,L1,5,3,0.5,5,1,5,1
Mod,25,L1,6,4,0.6,6,1,1,0
Mod,4,L1,6,1,0,6,1,1,0
Mod,5,L1,6,1,0,6,1,1,0
Mod,6,L1,6,6,1,6,1,1,0
Mod,9,L1,5,1,0,5,1,1,0
Mod,1,L2-Functional,5,4,0.75,5,1,4,0.75
Mod,10,L2-Functional,5,5,1,5,1,3,0.5
Mod,12,L2-Functional,6,4,0.6,6,1,2,0.2
Mod,13,L2-Functional,6,5,0.8,6,1,2,0.2
Mod,14,L2-Functional,5,4,0.75,5,1,5,1
Mod,16,L2-Functional,5,5,1,5,1,5,1
Mod,18,L2-Functional,5,4,0.75,5,1,5,1
Mod,19,L2-Functional,5,4,0.75,5,1,5,1
Mod,20,L2-Functional,6,2,0.2,6,1,2,0.2
Mod,22,L2-Functional,6,1,0,6,1,4,0.6
Mod,23,L2-Functional,5,4,0.75,5,1,5,1
Mod,25,L2-Functional,6,4,0.6,6,1,2,0.2
Mod,4,L2-Functional,6,6,1,6,1,5,0.8
Mod,5,L2-Functional,6,1,0,6,1,4,0.6
Mod,6,L2-Functional,6,6,1,6,1,1,0
Mod,9,L2-Functional,5,1,0,5,1,2,0.25
Mod,1,L2-Functional+Metamorphic,5,4,0.75,5,1,1,0
Mod,10,L2-Functional+Metamorphic,5,1,0,5,1,1,0
Mod,12,L2-Functional+Metamorphic,6,4,0.6,6,1,1,0
Mod,13,L2-Functional+Metamorphic,6,5,0.8,6,1,1,0
Mod,14,L2-Functional+Metamorphic,5,5,1,5,1,1,0
Mod,16,L2-Functional+Metamorphic,5,1,0,5,1,1,0
Mod,18,L2-Functional+Metamorphic,5,3,0.5,5,1,1,0
Mod,19,L2-Functional+Metamorphic,5,5,1,5,1,1,0
Mod,20,L2-Functional+Metamorphic,6,1,0,6,1,1,0
Mod,22,L2-Functional+Metamorphic,6,1,0,6,1,1,0
Mod,23,L2-Functional+Metamorphic,5,4,0.75,5,1,1,0
Mod,25,L2-Functional+Metamorphic,6,4,0.6,6,1,1,0
Mod,4,L2-Functional+Metamorphic,6,1,0,6,1,1,0
Mod,5,L2-Functional+Metamorphic,6,1,0,6,1,1,0
Mod,6,L2-Functional+Metamorphic,6,6,1,6,1,1,0
Mod,9,L2-Functional+Metamorphic,5,1,0,5,1,1,0
Mod,1,L2-Invariant,5,5,1,5,1,1,0
Mod,10,L2-Invariant,5,1,0,5,1,1,0
Mod,12,L2-Invariant,6,6,1,6,1,1,0
Mod,13,L2-Invariant,6,6,1,6,1,1,0
Mod,14,L2-Invariant,5,5,1,5,1,1,0
Mod,16,L2-Invariant,5,1,0,5,1,1,0
Mod,18,L2-Invariant,5,5,1,5,1,1,0
Mod,19,L2-Invariant,5,5,1,5,1,1,0
Mod,20,L2-Invariant,6,1,0,6,1,1,0
Mod,22,L2-Invariant,6,2,0.2,6,1,1,0
Mod,23,L2-Invariant,5,5,1,5,1,1,0
Mod,25,L2-Invariant,6,6,1,6,1,1,0
Mod,4,L2-Invariant,6,1,0,6,1,1,0
Mod,5,L2-Invariant,6,6,1,6,1,1,0
Mod,6,L2-Invariant,6,6,1,6,1,1,0
Mod,9,L2-Invariant,5,1,0,5,1,1,0
Mod,1,L2,5,4,0.75,5,1,1,0
Mod,10,L2,5,1,0,5,1,1,0
Mod,12,L2,6,4,0.6,6,1,1,0
Mod,13,L2,6,5,0.8,6,1,1,0
Mod,14,L2,5,5,1,5,1,1,0
Mod,16,L2,5,1,0,5,1,1,0
Mod,18,L2,5,3,0.5,5,1,1,0
Mod,19,L2,5,5,1,5,1,1,0
Mod,20,L2,6,1,0,6,1,1,0
Mod,22,L2,6,1,0,6,1,1,0
Mod,23,L2,5,4,0.75,5,1,1,0
Mod,24,L2,6,5,0.8,6,1,1,0
Mod,25,L2,6,4,0.6,6,1,1,0
Mod,4,L2,6,1,0,6,1,1,0
Mod,5,L2,6,1,0,6,1,1,0
Mod,6,L2,6,6,1,6,1,1,0
Mod,9,L2,5,1,0,5,1,1,0
Mod,1,L3-Functional,5,4,0.75,5,1,4,0.75
Mod,10,L3-Functional,5,5,1,5,1,3,0.5
Mod,12,L3-Functional,6,4,0.6,6,1,2,0.2
Mod,13,L3-Functional,6,5,0.8,6,1,2,0.2
Mod,14,L3-Functional,5,4,0.75,5,1,5,1
Mod,16,L3-Functional,5,5,1,5,1,5,1
Mod,18,L3-Functional,5,4,0.75,5,1,5,1
Mod,19,L3-Functional,5,4,0.75,5,1,5,1
Mod,20,L3-Functional,6,2,0.2,6,1,2,0.2
Mod,22,L3-Functional,6,1,0,6,1,4,0.6
Mod,23,L3-Functional,5,4,0.75,5,1,5,1
Mod,25,L3-Functional,6,4,0.6,6,1,2,0.2
Mod,4,L3-Functional,6,6,1,6,1,5,0.8
Mod,5,L3-Functional,6,1,0,6,1,4,0.6
Mod,6,L3-Functional,6,6,1,6,1,1,0
Mod,9,L3-Functional,5,1,0,5,1,2,0.25
Mod,1,L3-Functional+Metamorphic,5,4,0.75,5,1,1,0
Mod,10,L3-Functional+Metamorphic,5,1,0,5,1,1,0
Mod,12,L3-Functional+Metamorphic,6,4,0.6,6,1,1,0
Mod,13,L3-Functional+Metamorphic,6,5,0.8,6,1,1,0
Mod,14,L3-Functional+Metamorphic,5,5,1,5,1,1,0
Mod,16,L3-Functional+Metamorphic,5,1,0,5,1,1,0
Mod,18,L3-Functional+Metamorphic,5,3,0.5,5,1,1,0
Mod,19,L3-Functional+Metamorphic,5,5,1,5,1,1,0
Mod,20,L3-Functional+Metamorphic,6,1,0,6,1,1,0
Mod,22,L3-Functional+Metamorphic,6,1,0,6,1,1,0
Mod,23,L3-Functional+Metamorphic,5,4,0.75,5,1,1,0
Mod,25,L3-Functional+Metamorphic,6,4,0.6,6,1,1,0
Mod,4,L3-Functional+Metamorphic,6,1,0,6,1,1,0
Mod,5,L3-Functional+Metamorphic,6,1,0,6,1,1,0
Mod,6,L3-Functional+Metamorphic,6,6,1,6,1,1,0
Mod,9,L3-Functional+Metamorphic,5,1,0,5,1,1,0
Mod,1,L3-Invariant,5,5,1,5,1,1,0
Mod,10,L3-Invariant,5,1,0,5,1,1,0
Mod,12,L3-Invariant,6,6,1,6,1,1,0
Mod,13,L3-Invariant,6,6,1,6,1,1,0
Mod,14,L3-Invariant,5,5,1,5,1,1,0
Mod,16,L3-Invariant,5,1,0,5,1,1,0
Mod,18,L3-Invariant,5,5,1,5,1,1,0
Mod,19,L3-Invariant,5,5,1,5,1,1,0
Mod,20,L3-Invariant,6,1,0,6,1,1,0
Mod,22,L3-Invariant,6,2,0.2,6,1,1,0
Mod,23,L3-Invariant,5,5,1,5,1,1,0
Mod,25,L3-Invariant,6,6,1,6,1,1,0
Mod,4,L3-Invariant,6,1,0,6,1,1,0
Mod,5,L3-Invariant,6,6,1,6,1,1,0
Mod,6,L3-Invariant,6,6,1,6,1,1,0
Mod,9,L3-Invariant,5,1,0,5,1,1,0
Mod,1,L3,5,4,0.75,5,1,1,0
Mod,10,L3,5,1,0,5,1,1,0
Mod,12,L3,6,4,0.6,6,1,1,0
Mod,13,L3,6,5,0.8,6,1,1,0
Mod,14,L3,5,5,1,5,1,1,0
Mod,16,L3,5,1,0,5,1,1,0
Mod,18,L3,5,3,0.5,5,1,1,0
Mod,19,L3,5,5,1,5,1,1,0
Mod,20,L3,6,1,0,6,1,1,0
Mod,22,L3,6,1,0,6,1,1,0
Mod,23,L3,5,4,0.75,5,1,1,0
Mod,25,L3,6,4,0.6,6,1,1,0
Mod,4,L3,6,1,0,6,1,1,0
Mod,5,L3,6,1,0,6,1,1,0
Mod,6,L3,6,6,1,6,1,1,0
Mod,9,L3,5,1,0,5,1,1,0
Mod,1,L4-Functional,5,4,0.75,5,1,4,0.75
Mod,10,L4-Functional,5,5,1,5,1,3,0.5
Mod,12,L4-Functional,6,4,0.6,6,1,2,0.2
Mod,13,L4-Functional,6,5,0.8,6,1,2,0.2
Mod,14,L4-Functional,5,4,0.75,5,1,5,1
Mod,16,L4-Functional,5,5,1,5,1,5,1
Mod,18,L4-Functional,5,4,0.75,5,1,5,1
Mod,19,L4-Functional,5,4,0.75,5,1,5,1
Mod,20,L4-Functional,6,2,0.2,6,1,2,0.2
Mod,22,L4-Functional,6,1,0,6,1,4,0.6
Mod,23,L4-Functional,5,4,0.75,5,1,5,1
Mod,25,L4-Functional,6,4,0.6,6,1,2,0.2
Mod,4,L4-Functional,6,6,1,6,1,5,0.8
Mod,5,L4-Functional,6,1,0,6,1,4,0.6
Mod,6,L4-Functional,6,6,1,6,1,1,0
Mod,9,L4-Functional,5,1,0,5,1,2,0.25
Mod,1,L4-Functional+Metamorphic,5,4,0.75,5,1,1,0
Mod,10,L4-Functional+Metamorphic,5,1,0,5,1,1,0
Mod,12,L4-Functional+Metamorphic,6,4,0.6,6,1,1,0
Mod,13,L4-Functional+Metamorphic,6,5,0.8,6,1,1,0
Mod,14,L4-Functional+Metamorphic,5,5,1,5,1,1,0
Mod,16,L4-Functional+Metamorphic,5,1,0,5,1,1,0
Mod,18,L4-Functional+Metamorphic,5,3,0.5,5,1,1,0
Mod,19,L4-Functional+Metamorphic,5,5,1,5,1,1,0
Mod,20,L4-Functional+Metamorphic,6,1,0,6,1,1,0
Mod,22,L4-Functional+Metamorphic,6,1,0,6,1,1,0
Mod,23,L4-Functional+Metamorphic,5,4,0.75,5,1,1,0
Mod,25,L4-Functional+Metamorphic,6,4,0.6,6,1,1,0
Mod,4,L4-Functional+Metamorphic,6,1,0,6,1,1,0
Mod,5,L4-Functional+Metamorphic,6,1,0,6,1,1,0
Mod,6,L4-Functional+Metamorphic,6,6,1,6,1,1,0
Mod,9,L4-Functional+Metamorphic,5,1,0,5,1,1,0
Mod,1,L4-Invariant,5,5,1,5,1,1,0
Mod,10,L4-Invariant,5,1,0,5,1,1,0
Mod,12,L4-Invariant,6,6,1,6,1,1,0
Mod,13,L4-Invariant,6,6,1,6,1,1,0
Mod,14,L4-Invariant,5,5,1,5,1,1,0
Mod,16,L4-Invariant,5,1,0,5,1,1,0
Mod,18,L4-Invariant,5,5,1,5,1,1,0
Mod,19,L4-Invariant,5,5,1,5,1,1,0
Mod,20,L4-Invariant,6,1,0,6,1,1,0
Mod,22,L4-Invariant,6,2,0.2,6,1,1,0
Mod,23,L4-Invariant,5,5,1,5,1,1,0
Mod,25,L4-Invariant,6,6,1,6,1,1,0
Mod,4,L4-Invariant,6,1,0,6,1,1,0
Mod,5,L4-Invariant,6,6,1,6,1,1,0
Mod,6,L4-Invariant,6,6,1,6,1,1,0
Mod,9,L4-Invariant,5,1,0,5,1,1,0
Mod,1,L4,5,4,0.75,5,1,1,0
Mod,10,L4,5,1,0,5,1,1,0
Mod,12,L4,6,4,0.6,6,1,1,0
Mod,13,L4,6,5,0.8,6,1,1,0
Mod,14,L4,5,5,1,5,1,1,0
Mod,16,L4,5,1,0,5,1,1,0
Mod,18,L4,5,3,0.5,5,1,1,0
Mod,19,L4,5,5,1,5,1,1,0
Mod,20,L4,6,1,0,6,1,1,0
Mod,22,L4,6,1,0,6,1,1,0
Mod,23,L4,5,4,0.75,5,1,1,0
Mod,25,L4,6,4,0.6,6,1,1,0
Mod,4,L4,6,1,0,6,1,1,0
Mod,5,L4,6,1,0,6,1,1,0
Mod,6,L4,6,6,1,6,1,1,0
Mod,9,L4,5,1,0,5,1,1,0
Mod,1,L5-Functional,5,4,0.75,5,1,4,0.75
Mod,10,L5-Functional,5,5,1,5,1,3,0.5
Mod,12,L5-Functional,6,4,0.6,6,1,2,0.2
Mod,13,L5-Functional,6,5,0.8,6,1,2,0.2
Mod,14,L5-Functional,5,4,0.75,5,1,5,1
Mod,16,L5-Functional,5,5,1,5,1,5,1
Mod,18,L5-Functional,5,4,0.75,5,1,5,1
Mod,19,L5-Functional,5,4,0.75,5,1,5,1
Mod,20,L5-Functional,6,2,0.2,6,1,2,0.2
Mod,22,L5-Functional,6,1,0,6,1,4,0.6
Mod,23,L5-Functional,5,4,0.75,5,1,5,1
Mod,25,L5-Functional,6,4,0.6,6,1,2,0.2
Mod,4,L5-Functional,6,6,1,6,1,5,0.8
Mod,5,L5-Functional,6,1,0,6,1,4,0.6
Mod,6,L5-Functional,6,6,1,6,1,1,0
Mod,9,L5-Functional,5,1,0,5,1,2,0.25
Mod,1,L5-Functional+Metamorphic,5,4,0.75,5,1,1,0
Mod,10,L5-Functional+Metamorphic,5,1,0,5,1,1,0
Mod,12,L5-Functional+Metamorphic,6,4,0.6,6,1,1,0
Mod,13,L5-Functional+Metamorphic,6,5,0.8,6,1,1,0
Mod,14,L5-Functional+Metamorphic,5,5,1,5,1,1,0
Mod,16,L5-Functional+Metamorphic,5,1,0,5,1,1,0
Mod,18,L5-Functional+Metamorphic,5,3,0.5,5,1,1,0
Mod,19,L5-Functional+Metamorphic,5,5,1,5,1,1,0
Mod,20,L5-Functional+Metamorphic,6,1,0,6,1,1,0
Mod,22,L5-Functional+Metamorphic,6,1,0,6,1,1,0
Mod,23,L5-Functional+Metamorphic,5,4,0.75,5,1,1,0
Mod,25,L5-Functional+Metamorphic,6,4,0.6,6,1,1,0
Mod,4,L5-Functional+Metamorphic,6,1,0,6,1,1,0
Mod,5,L5-Functional+Metamorphic,6,1,0,6,1,1,0
Mod,6,L5-Functional+Metamorphic,6,6,1,6,1,1,0
Mod,9,L5-Functional+Metamorphic,5,1,0,5,1,1,0
Mod,1,L5-Invariant,5,5,1,5,1,1,0
Mod,10,L5-Invariant,5,1,0,5,1,1,0
Mod,12,L5-Invariant,6,6,1,6,1,1,0
Mod,13,L5-Invariant,6,6,1,6,1,1,0
Mod,14,L5-Invariant,5,5,1,5,1,1,0
Mod,16,L5-Invariant,5,1,0,5,1,1,0
Mod,18,L5-Invariant,5,5,1,5,1,1,0
Mod,19,L5-Invariant,5,5,1,5,1,1,0
Mod,20,L5-Invariant,6,1,0,6,1,1,0
Mod,22,L5-Invariant,6,2,0.2,6,1,1,0
Mod,23,L5-Invariant,5,5,1,5,1,1,0
Mod,25,L5-Invariant,6,6,1,6,1,1,0
Mod,4,L5-Invariant,6,1,0,6,1,1,0
Mod,5,L5-Invariant,6,6,1,6,1,1,0
Mod,6,L5-Invariant,6,6,1,6,1,1,0
Mod,9,L5-Invariant,5,1,0,5,1,1,0
Mod,1,L5,5,4,0.75,5,1,1,0
Mod,10,L5,5,1,0,5,1,1,0
Mod,12,L5,6,4,0.6,6,1,1,0
Mod,13,L5,6,5,0.8,6,1,1,0
Mod,14,L5,5,5,1,5,1,1,0
Mod,16,L5,5,1,0,5,1,1,0
Mod,18,L5,5,3,0.5,5,1,1,0
Mod,19,L5,5,5,1,5,1,1,0
Mod,20,L5,6,1,0,6,1,1,0
Mod,22,L5,6,1,0,6,1,1,0
Mod,23,L5,5,4,0.75,5,1,1,0
Mod,25,L5,6,4,0.6,6,1,1,0
Mod,4,L5,6,1,0,6,1,1,0
Mod,5,L5,6,1,0,6,1,1,0
Mod,6,L5,6,6,1,6,1,1,0
Mod,9,L5,5,1,0,5,1,1,0
Mod,24,L1-Functional,6,5,0.8,6,1,3,0.4
Mod,24,L1-Invariant,6,6,1,6,1,1,0
Mod,24,L1,6,5,0.8,6,1,1,0
Mod,24,L2-Functional,6,5,0.8,6,1,3,0.4
Mod,24,L2-Invariant,6,6,1,6,1,1,0
Mod,24,L3-Functional,6,5,0.8,6,1,3,0.4
Mod,24,L3-Invariant,6,6,1,6,1,1,0
Mod,24,L3,6,5,0.8,6,1,1,0
Mod,24,L4-Functional,6,5,0.8,6,1,3,0.4
Mod,24,L4-Invariant,6,6,1,6,1,1,0
Mod,24,L4,6,5,0.8,6,1,1,0
Mod,24,L5-Functional,6,5,0.8,6,1,3,0.4
Mod,24,L5-Invariant,6,6,1,6,1,1,0
Mod,24,L5,6,5,0.8,6,1,1,0